SAMPLE_ID	female	male	older	younger	stage_cat_0	stage_cat_1	stage_cat_2	stage_cat_3	stage_cat_4	stage_cat_5	stage_cat_6	stage_cat_7	stage_cat_8	stage_cat_9	smoke_h_cat_0	smoke_h_cat_1	smoke_h_cat_2	smoke_h_cat_3	smoke_h_cat_4	SMOKING_PACK_YEARS	M_STAGE	COUNT_MUT
TCGA-05-4244-01A-01D-1105-08	0.0	1.0	1.0	0.0	0.0	0.0	0.0	0.0	0.0	0.0	0.0	0.0	0.0	1.0	1.0	0.0	0.0	0.0	0.0	38.0	M1	0.00407517795559353
TCGA-05-4249-01A-01D-1105-08	0.0	1.0	1.0	0.0	0.0	0.0	1.0	0.0	0.0	0.0	0.0	0.0	0.0	0.0	0.0	1.0	0.0	0.0	0.0	52.0	M0	0.0046258343891483
TCGA-05-4250-01A-01D-1105-08	1.0	0.0	1.0	0.0	0.0	0.0	0.0	0.0	0.0	0.0	0.0	1.0	0.0	0.0	1.0	0.0	0.0	0.0	0.0	47.0	M0	0.0033598364556057803
TCGA-05-4382-01A-01D-1931-08	0.0	1.0	1.0	0.0	0.0	0.0	1.0	0.0	0.0	0.0	0.0	0.0	0.0	0.0	1.0	0.0	0.0	0.0	0.0	62.0	M0	0.0305476937114857
TCGA-05-4384-01A-01D-1753-08	0.0	1.0	1.0	0.0	0.0	0.0	0.0	0.0	0.0	0.0	0.0	1.0	0.0	0.0	0.0	1.0	0.0	0.0	0.0	20.0	M0	0.0017913304285039802
TCGA-05-4389-01A-01D-1265-08	0.0	1.0	1.0	0.0	0.0	1.0	0.0	0.0	0.0	0.0	0.0	0.0	0.0	0.0	0.0	1.0	0.0	0.0	0.0	43.0	M0	0.00520600226127994
TCGA-05-4390-01A-02D-1753-08	1.0	0.0	0.0	1.0	0.0	0.0	1.0	0.0	0.0	0.0	0.0	0.0	0.0	0.0	1.0	0.0	0.0	0.0	0.0	15.0	M0	0.00947206917994376
TCGA-05-4396-01A-21D-1855-08	0.0	1.0	1.0	0.0	0.0	0.0	0.0	0.0	0.0	0.0	0.0	0.0	1.0	0.0	0.0	1.0	0.0	0.0	0.0	19.0	M0	0.00767502898637643
TCGA-05-4397-01A-01D-1265-08	0.0	1.0	1.0	0.0	0.0	0.0	0.0	0.0	0.0	1.0	0.0	0.0	0.0	0.0	0.0	0.0	0.0	1.0	0.0	45.0	M0	0.0132350226285061
TCGA-05-4398-01A-01D-1265-08	1.0	0.0	0.0	1.0	0.0	0.0	0.0	0.0	0.0	0.0	0.0	0.0	1.0	0.0	0.0	0.0	0.0	1.0	0.0	72.0	M0	0.0145738169135633
TCGA-05-4405-01A-21D-1855-08	1.0	0.0	1.0	0.0	0.0	0.0	1.0	0.0	0.0	0.0	0.0	0.0	0.0	0.0	1.0	0.0	0.0	0.0	0.0	65.0	M0	0.008240278169979291
TCGA-05-4410-01A-21D-1855-08	0.0	1.0	1.0	0.0	0.0	0.0	1.0	0.0	0.0	0.0	0.0	0.0	0.0	0.0	1.0	0.0	0.0	0.0	0.0	98.0	M0	0.024329335922855
TCGA-05-4415-01A-22D-1855-08	0.0	1.0	0.0	1.0	0.0	0.0	0.0	0.0	0.0	0.0	0.0	0.0	1.0	0.0	1.0	0.0	0.0	0.0	0.0	29.0	M0	0.00541356316303508
TCGA-05-4417-01A-22D-1855-08	1.0	0.0	0.0	1.0	0.0	0.0	1.0	0.0	0.0	0.0	0.0	0.0	0.0	0.0	1.0	0.0	0.0	0.0	0.0	56.0	M0	0.00597599738836936
TCGA-05-4418-01A-01D-1265-08	0.0	1.0	1.0	0.0	0.0	0.0	0.0	0.0	0.0	0.0	0.0	1.0	0.0	0.0	0.0	0.0	0.0	1.0	0.0	25.0	M0	0.00279920840544547
TCGA-05-4420-01A-01D-1265-08	0.0	1.0	0.0	1.0	0.0	0.0	1.0	0.0	0.0	0.0	0.0	0.0	0.0	0.0	0.0	0.0	0.0	1.0	0.0	38.0	M0	0.00514109330068118
TCGA-05-4422-01A-01D-1265-08	0.0	1.0	1.0	0.0	0.0	0.0	1.0	0.0	0.0	0.0	0.0	0.0	0.0	0.0	1.0	0.0	0.0	0.0	0.0	147.0	M0	0.000293657383642408
TCGA-05-4424-01A-22D-1855-08	0.0	1.0	1.0	0.0	0.0	0.0	0.0	0.0	0.0	1.0	0.0	0.0	0.0	0.0	1.0	0.0	0.0	0.0	0.0	50.0	M0	0.0112921098365848
TCGA-05-4426-01A-01D-1265-08	0.0	1.0	1.0	0.0	0.0	0.0	1.0	0.0	0.0	0.0	0.0	0.0	0.0	0.0	0.0	1.0	0.0	0.0	0.0	20.0	M0	0.000429959026791511
TCGA-05-4427-01A-21D-1855-08	1.0	0.0	1.0	0.0	0.0	0.0	0.0	0.0	0.0	1.0	0.0	0.0	0.0	0.0	1.0	0.0	0.0	0.0	0.0	8.0	M0	0.0178281614689862
TCGA-05-4430-01A-02D-1265-08	1.0	0.0	0.0	1.0	0.0	0.0	1.0	0.0	0.0	0.0	0.0	0.0	0.0	0.0	1.0	0.0	0.0	0.0	0.0	80.0	M0	0.00803869966126487
TCGA-05-4432-01A-01D-1265-08	0.0	1.0	1.0	0.0	0.0	0.0	0.0	0.0	0.0	1.0	0.0	0.0	0.0	0.0	0.0	0.0	0.0	1.0	0.0	58.0	M0	0.0137860853509292
TCGA-05-4433-01A-22D-1855-08	0.0	1.0	1.0	0.0	0.0	0.0	1.0	0.0	0.0	0.0	0.0	0.0	0.0	0.0	0.0	1.0	0.0	0.0	0.0	1.0	M0	0.0003944868423928609
TCGA-05-4434-01A-01D-1265-08	1.0	0.0	1.0	0.0	0.0	0.0	0.0	0.0	0.0	0.0	0.0	0.0	0.0	1.0	0.0	0.0	0.0	1.0	0.0	15.0	M1	0.000653647036663722
TCGA-05-5420-01A-01D-1625-08	0.0	1.0	1.0	0.0	0.0	0.0	0.0	0.0	0.0	0.0	0.0	1.0	0.0	0.0	1.0	0.0	0.0	0.0	0.0	40.0	M0	0.00168258073357101
TCGA-05-5423-01A-01D-1625-08	0.0	1.0	1.0	0.0	0.0	0.0	0.0	0.0	0.0	1.0	0.0	0.0	0.0	0.0	0.0	1.0	0.0	0.0	0.0	72.0	M0	0.00408633728851582
TCGA-05-5428-01A-01D-1625-08	0.0	1.0	0.0	1.0	0.0	0.0	0.0	0.0	1.0	0.0	0.0	0.0	0.0	0.0	0.0	1.0	0.0	0.0	0.0	30.0	M0	0.0091853063558878
TCGA-35-4122-01A-01D-1105-08	0.0	1.0	1.0	0.0	0.0	1.0	0.0	0.0	0.0	0.0	0.0	0.0	0.0	0.0	1.0	0.0	0.0	0.0	0.0	45.0	M0	0.0050175567376628104
TCGA-35-4123-01A-01D-1105-08	0.0	1.0	0.0	1.0	0.0	1.0	0.0	0.0	0.0	0.0	0.0	0.0	0.0	0.0	1.0	0.0	0.0	0.0	0.0	20.0	M0	0.0049577750117095
TCGA-35-5375-01A-01D-1625-08	0.0	1.0	1.0	0.0	0.0	0.0	0.0	0.0	0.0	0.0	0.0	1.0	0.0	0.0	1.0	0.0	0.0	0.0	0.0	35.0	M0	0.00612593883881887
TCGA-38-4625-01A-01D-1553-08	1.0	0.0	1.0	0.0	0.0	0.0	1.0	0.0	0.0	0.0	0.0	0.0	0.0	0.0	0.0	0.0	0.0	1.0	0.0	50.0	M0	0.00926222040822685
TCGA-38-4626-01A-01D-1553-08	1.0	0.0	0.0	1.0	0.0	0.0	0.0	0.0	1.0	0.0	0.0	0.0	0.0	0.0	0.0	0.0	0.0	1.0	0.0	40.0	M0	0.0069575373301226
TCGA-38-4629-01A-02D-1265-08	0.0	1.0	1.0	0.0	0.0	0.0	0.0	0.0	0.0	1.0	0.0	0.0	0.0	0.0	1.0	0.0	0.0	0.0	0.0	100.0	M0	0.004346296317441671
TCGA-38-4631-01A-01D-1753-08	1.0	0.0	1.0	0.0	0.0	0.0	1.0	0.0	0.0	0.0	0.0	0.0	0.0	0.0	1.0	0.0	0.0	0.0	0.0	40.0	M0	0.0158108450054376
TCGA-38-4632-01A-01D-1753-08	0.0	1.0	0.0	1.0	0.0	0.0	0.0	0.0	0.0	0.0	0.0	0.0	0.0	1.0	1.0	0.0	0.0	0.0	0.0	10.0	M1	0.0112186778726318
TCGA-38-7271-01A-11D-2036-08	1.0	0.0	1.0	0.0	0.0	1.0	0.0	0.0	0.0	0.0	0.0	0.0	0.0	0.0	1.0	0.0	0.0	0.0	0.0	25.0	M0	0.0009291900456101
TCGA-38-A44F-01A-11D-A24D-08	0.0	1.0	1.0	0.0	0.0	0.0	1.0	0.0	0.0	0.0	0.0	0.0	0.0	0.0	0.0	1.0	0.0	0.0	0.0	12.0	M0	0.000126977845248656
TCGA-44-2655-01A-01D-1553-08	1.0	0.0	1.0	0.0	0.0	1.0	0.0	0.0	0.0	0.0	0.0	0.0	0.0	0.0	0.0	1.0	0.0	0.0	0.0	30.0	M0	0.00312312088345787
TCGA-44-2656-01A-02D-0969-08	0.0	1.0	0.0	1.0	0.0	0.0	1.0	0.0	0.0	0.0	0.0	0.0	0.0	0.0	1.0	0.0	0.0	0.0	0.0	23.0	M0	0.0161242031066491
TCGA-44-2657-01A-01D-1105-08	1.0	0.0	1.0	0.0	0.0	0.0	1.0	0.0	0.0	0.0	0.0	0.0	0.0	0.0	1.0	0.0	0.0	0.0	0.0	25.0	M0	0.00695812059612507
TCGA-44-2659-01A-01D-0969-08	1.0	0.0	1.0	0.0	0.0	0.0	0.0	0.0	0.0	1.0	0.0	0.0	0.0	0.0	1.0	0.0	0.0	0.0	0.0	57.0	M0	0.008784888433166759
TCGA-44-2662-01A-01D-0969-08	0.0	1.0	1.0	0.0	0.0	0.0	1.0	0.0	0.0	0.0	0.0	0.0	0.0	0.0	0.0	1.0	0.0	0.0	0.0	56.0	M0	0.00293907505550795
TCGA-44-2666-01A-01D-1489-08	0.0	1.0	0.0	1.0	0.0	0.0	1.0	0.0	0.0	0.0	0.0	0.0	0.0	0.0	0.0	0.0	0.0	1.0	0.0	30.0	M0	0.000650541236978324
TCGA-44-2668-01A-01D-0969-08	0.0	1.0	0.0	1.0	0.0	0.0	1.0	0.0	0.0	0.0	0.0	0.0	0.0	0.0	1.0	0.0	0.0	0.0	0.0	60.0	M0	0.00834664894336385
TCGA-44-3396-01A-01D-1553-08	1.0	0.0	1.0	0.0	0.0	0.0	0.0	0.0	0.0	0.0	0.0	1.0	0.0	0.0	0.0	0.0	0.0	1.0	0.0	50.0	M0	0.00237398277371873
TCGA-44-3398-01A-01D-1105-08	1.0	0.0	1.0	0.0	0.0	1.0	0.0	0.0	0.0	0.0	0.0	0.0	0.0	0.0	1.0	0.0	0.0	0.0	0.0	60.0	M0	0.00355936552928976
TCGA-44-3918-01A-01D-1105-08	1.0	0.0	1.0	0.0	0.0	1.0	0.0	0.0	0.0	0.0	0.0	0.0	0.0	0.0	0.0	1.0	0.0	0.0	0.0	20.0	M0	0.0182516582385453
TCGA-44-4112-01A-01D-1458-08	1.0	0.0	1.0	0.0	0.0	0.0	1.0	0.0	0.0	0.0	0.0	0.0	0.0	0.0	0.0	1.0	0.0	0.0	0.0	30.0	M0	0.00785572105331206
TCGA-44-5643-01A-01D-1625-08	0.0	1.0	0.0	1.0	0.0	0.0	0.0	0.0	0.0	0.0	0.0	1.0	0.0	0.0	0.0	0.0	0.0	1.0	0.0	20.0	M0	0.00182265408684873
TCGA-44-6144-01A-11D-1753-08	0.0	1.0	0.0	1.0	0.0	1.0	0.0	0.0	0.0	0.0	0.0	0.0	0.0	0.0	0.0	0.0	0.0	1.0	0.0	67.5	M0	0.00314965365160819
TCGA-44-6145-01A-11D-1753-08	1.0	0.0	1.0	0.0	0.0	1.0	0.0	0.0	0.0	0.0	0.0	0.0	0.0	0.0	1.0	0.0	0.0	0.0	0.0	75.0	M0	0.00490300288546426
TCGA-44-6146-01A-11D-1753-08	0.0	1.0	1.0	0.0	0.0	0.0	0.0	0.0	0.0	1.0	0.0	0.0	0.0	0.0	0.0	1.0	0.0	0.0	0.0	15.0	M0	0.000493148949608443
TCGA-44-6148-01A-11D-1753-08	0.0	1.0	1.0	0.0	0.0	1.0	0.0	0.0	0.0	0.0	0.0	0.0	0.0	0.0	0.0	1.0	0.0	0.0	0.0	60.0	M0	0.000124440019910403
TCGA-44-6774-01A-21D-1855-08	1.0	0.0	0.0	1.0	0.0	0.0	0.0	0.0	0.0	0.0	0.0	1.0	0.0	0.0	0.0	0.0	0.0	1.0	0.0	20.0	M0	0.00639923571934213
TCGA-44-6775-01A-11D-1855-08	1.0	0.0	1.0	0.0	0.0	0.0	1.0	0.0	0.0	0.0	0.0	0.0	0.0	0.0	1.0	0.0	0.0	0.0	0.0	25.0	M0	0.0019419272101684304
TCGA-44-6776-01A-11D-1855-08	1.0	0.0	1.0	0.0	0.0	1.0	0.0	0.0	0.0	0.0	0.0	0.0	0.0	0.0	1.0	0.0	0.0	0.0	0.0	45.0	M0	0.00538105295410917
TCGA-44-6778-01A-11D-1855-08	0.0	1.0	0.0	1.0	0.0	1.0	0.0	0.0	0.0	0.0	0.0	0.0	0.0	0.0	1.0	0.0	0.0	0.0	0.0	15.0	M0	0.0063114173152349
TCGA-44-6779-01A-11D-1855-08	1.0	0.0	0.0	1.0	0.0	0.0	0.0	0.0	0.0	1.0	0.0	0.0	0.0	0.0	1.0	0.0	0.0	0.0	0.0	15.0	M1	0.0026046823079452397
TCGA-44-7659-01A-11D-2063-08	0.0	1.0	1.0	0.0	0.0	1.0	0.0	0.0	0.0	0.0	0.0	0.0	0.0	0.0	0.0	0.0	0.0	1.0	0.0	40.0	M0	0.00345839691354757
TCGA-44-7660-01A-11D-2063-08	0.0	1.0	1.0	0.0	0.0	0.0	1.0	0.0	0.0	0.0	0.0	0.0	0.0	0.0	0.0	0.0	0.0	1.0	0.0	124.0	M0	0.00498047654539829
TCGA-44-7661-01A-11D-2063-08	1.0	0.0	1.0	0.0	0.0	0.0	1.0	0.0	0.0	0.0	0.0	0.0	0.0	0.0	0.0	1.0	0.0	0.0	0.0	22.0	M0	0.00481413834686945
TCGA-44-7662-01A-11D-2063-08	0.0	1.0	1.0	0.0	0.0	0.0	1.0	0.0	0.0	0.0	0.0	0.0	0.0	0.0	0.0	0.0	0.0	1.0	0.0	50.0	M0	0.0110156188944682
TCGA-44-7667-01A-31D-2063-08	1.0	0.0	0.0	1.0	0.0	0.0	0.0	0.0	0.0	1.0	0.0	0.0	0.0	0.0	0.0	0.0	0.0	1.0	0.0	50.0	M0	0.00601866049650561
TCGA-44-7669-01A-21D-2063-08	0.0	1.0	0.0	1.0	0.0	0.0	0.0	0.0	1.0	0.0	0.0	0.0	0.0	0.0	0.0	0.0	0.0	1.0	0.0	20.0	M1	0.00901164527727628
TCGA-44-7670-01A-11D-2063-08	1.0	0.0	0.0	1.0	0.0	0.0	0.0	0.0	1.0	0.0	0.0	0.0	0.0	0.0	0.0	0.0	0.0	1.0	0.0	30.0	M0	0.0191952073470329
TCGA-44-7672-01A-11D-2063-08	1.0	0.0	0.0	1.0	0.0	1.0	0.0	0.0	0.0	0.0	0.0	0.0	0.0	0.0	0.0	0.0	0.0	1.0	0.0	20.0	M0	0.0037405813320653897
TCGA-44-8117-01A-11D-2238-08	1.0	0.0	0.0	1.0	0.0	0.0	1.0	0.0	0.0	0.0	0.0	0.0	0.0	0.0	1.0	0.0	0.0	0.0	0.0	54.0	M0	0.0127851809742608
TCGA-44-8119-01A-11D-2238-08	0.0	1.0	1.0	0.0	0.0	0.0	0.0	0.0	0.0	1.0	0.0	0.0	0.0	0.0	0.0	0.0	0.0	1.0	0.0	50.0	M0	0.00813437415935638
TCGA-44-8120-01A-11D-2238-08	0.0	1.0	0.0	1.0	0.0	0.0	1.0	0.0	0.0	0.0	0.0	0.0	0.0	0.0	0.0	0.0	1.0	0.0	0.0	30.0	M0	0.0108005902649501
TCGA-44-A47A-01A-21D-A24D-08	1.0	0.0	1.0	0.0	0.0	0.0	1.0	0.0	0.0	0.0	0.0	0.0	0.0	0.0	1.0	0.0	0.0	0.0	0.0	80.0	M0	0.00212673291416604
TCGA-44-A47B-01A-11D-A24D-08	0.0	1.0	1.0	0.0	0.0	0.0	1.0	0.0	0.0	0.0	0.0	0.0	0.0	0.0	0.0	1.0	0.0	0.0	0.0	4.5	M0	0.0016452503788126698
TCGA-44-A47F-01A-11D-A24D-08	0.0	1.0	1.0	0.0	0.0	0.0	0.0	0.0	0.0	1.0	0.0	0.0	0.0	0.0	0.0	1.0	0.0	0.0	0.0	20.0	M0	0.000946172823007299
TCGA-44-A47G-01A-21D-A24D-08	1.0	0.0	1.0	0.0	0.0	1.0	0.0	0.0	0.0	0.0	0.0	0.0	0.0	0.0	1.0	0.0	0.0	0.0	0.0	28.0	M0	0.00160682655335496
TCGA-44-A4SS-01A-11D-A24P-08	0.0	1.0	1.0	0.0	0.0	1.0	0.0	0.0	0.0	0.0	0.0	0.0	0.0	0.0	1.0	0.0	0.0	0.0	0.0	90.0	M0	0.00927140339235942
TCGA-44-A4SU-01A-11D-A24P-08	1.0	0.0	1.0	0.0	0.0	1.0	0.0	0.0	0.0	0.0	0.0	0.0	0.0	0.0	1.0	0.0	0.0	0.0	0.0	50.0	M0	0.0027662241295854802
TCGA-49-4486-01A-01D-1265-08	0.0	1.0	1.0	0.0	0.0	1.0	0.0	0.0	0.0	0.0	0.0	0.0	0.0	0.0	0.0	1.0	0.0	0.0	0.0	17.5	M0	0.00121151452631951
TCGA-49-4487-01A-21D-1855-08	1.0	0.0	1.0	0.0	0.0	1.0	0.0	0.0	0.0	0.0	0.0	0.0	0.0	0.0	1.0	0.0	0.0	0.0	0.0	40.0	M0	0.005953707920957029
TCGA-49-4490-01A-21D-1855-08	1.0	0.0	0.0	1.0	0.0	0.0	0.0	0.0	0.0	0.0	0.0	1.0	0.0	0.0	0.0	1.0	0.0	0.0	0.0	5.0	M0	0.000909330556558849
TCGA-49-4494-01A-01D-1265-08	0.0	1.0	1.0	0.0	0.0	0.0	0.0	0.0	0.0	0.0	0.0	1.0	0.0	0.0	0.0	1.0	0.0	0.0	0.0	50.0	M0	0.00384036773916511
TCGA-49-4505-01A-01D-1931-08	1.0	0.0	1.0	0.0	0.0	0.0	0.0	0.0	0.0	1.0	0.0	0.0	0.0	0.0	1.0	0.0	0.0	0.0	0.0	74.0	M0	0.0054044619707839395
TCGA-49-4506-01A-01D-1265-08	1.0	0.0	1.0	0.0	0.0	0.0	0.0	0.0	0.0	1.0	0.0	0.0	0.0	0.0	0.0	0.0	0.0	1.0	0.0	100.0	M0	0.0022361574435931604
TCGA-49-4507-01A-01D-1265-08	1.0	0.0	1.0	0.0	0.0	0.0	0.0	0.0	0.0	0.0	0.0	1.0	0.0	0.0	1.0	0.0	0.0	0.0	0.0	78.0	M0	0.00327718017237122
TCGA-49-4510-01A-01D-1265-08	1.0	0.0	0.0	1.0	0.0	0.0	0.0	0.0	0.0	1.0	0.0	0.0	0.0	0.0	0.0	0.0	0.0	1.0	0.0	55.5	M0	0.000872867199212938
TCGA-49-4514-01A-21D-1855-08	1.0	0.0	1.0	0.0	0.0	1.0	0.0	0.0	0.0	0.0	0.0	0.0	0.0	0.0	0.0	1.0	0.0	0.0	0.0	65.0	M0	0.00634974343812177
TCGA-49-6742-01A-11D-1855-08	0.0	1.0	1.0	0.0	0.0	0.0	0.0	0.0	1.0	0.0	0.0	0.0	0.0	0.0	0.0	1.0	0.0	0.0	0.0	10.0	M0	0.0047777725992150894
TCGA-49-6743-01A-11D-1855-08	1.0	0.0	1.0	0.0	0.0	0.0	0.0	0.0	0.0	0.0	0.0	1.0	0.0	0.0	1.0	0.0	0.0	0.0	0.0	50.0	M1	0.0136380108472442
TCGA-49-6744-01A-11D-1855-08	1.0	0.0	1.0	0.0	0.0	0.0	0.0	0.0	1.0	0.0	0.0	0.0	0.0	0.0	1.0	0.0	0.0	0.0	0.0	20.0	M1	0.0045672705378091705
TCGA-49-6745-01A-11D-1855-08	0.0	1.0	1.0	0.0	0.0	0.0	0.0	0.0	0.0	0.0	0.0	1.0	0.0	0.0	1.0	0.0	0.0	0.0	0.0	20.0	M0	0.00174474093017004
TCGA-49-6761-01A-31D-1945-08	1.0	0.0	1.0	0.0	0.0	0.0	0.0	0.0	0.0	0.0	0.0	1.0	0.0	0.0	1.0	0.0	0.0	0.0	0.0	50.0	M1	0.00281219260603281
TCGA-49-6767-01A-11D-1855-08	1.0	0.0	0.0	1.0	0.0	0.0	0.0	0.0	0.0	1.0	0.0	0.0	0.0	0.0	0.0	0.0	0.0	1.0	0.0	30.0	M0	0.00996846101747528
TCGA-49-AAR4-01A-12D-A410-08	0.0	1.0	0.0	1.0	0.0	0.0	0.0	0.0	0.0	0.0	0.0	1.0	0.0	0.0	0.0	0.0	0.0	1.0	0.0	35.0	M1	0.0169136813722779
TCGA-49-AARE-01A-11D-A410-08	1.0	0.0	0.0	1.0	0.0	1.0	0.0	0.0	0.0	0.0	0.0	0.0	0.0	0.0	1.0	0.0	0.0	0.0	0.0	15.0	M0	0.0216677916652797
TCGA-49-AARQ-01A-11D-A410-08	1.0	0.0	0.0	1.0	1.0	0.0	0.0	0.0	0.0	0.0	0.0	0.0	0.0	0.0	1.0	0.0	0.0	0.0	0.0	60.0	M0	0.00821309757669519
TCGA-4B-A93V-01A-11D-A397-08	1.0	0.0	0.0	1.0	0.0	1.0	0.0	0.0	0.0	0.0	0.0	0.0	0.0	0.0	1.0	0.0	0.0	0.0	0.0	30.0	M0	0.00282180410339142
TCGA-50-5051-01A-21D-1855-08	1.0	0.0	0.0	1.0	0.0	0.0	0.0	0.0	0.0	0.0	0.0	1.0	0.0	0.0	1.0	0.0	0.0	0.0	0.0	30.0	M0	0.00205800672732015
TCGA-50-5072-01A-21D-1855-08	0.0	1.0	1.0	0.0	0.0	0.0	0.0	0.0	0.0	0.0	0.0	1.0	0.0	0.0	0.0	1.0	0.0	0.0	0.0	15.0	M0	0.00237866717883444
TCGA-50-5931-01A-11D-1753-08	1.0	0.0	1.0	0.0	0.0	0.0	1.0	0.0	0.0	0.0	0.0	0.0	0.0	0.0	1.0	0.0	0.0	0.0	0.0	40.0	M0	0.00424185839488309
TCGA-50-5939-01A-11D-1625-08	0.0	1.0	1.0	0.0	0.0	0.0	1.0	0.0	0.0	0.0	0.0	0.0	0.0	0.0	0.0	1.0	0.0	0.0	0.0	15.0	M0	0.0021607863259275398
TCGA-50-5941-01A-11D-1753-08	1.0	0.0	0.0	1.0	0.0	0.0	0.0	0.0	0.0	0.0	0.0	1.0	0.0	0.0	0.0	0.0	0.0	1.0	0.0	25.0	M0	0.0112390859775751
TCGA-50-5942-01A-21D-1753-08	1.0	0.0	1.0	0.0	0.0	1.0	0.0	0.0	0.0	0.0	0.0	0.0	0.0	0.0	1.0	0.0	0.0	0.0	0.0	30.0	M0	0.00135474492341464
TCGA-50-6590-01A-12D-1855-08	1.0	0.0	1.0	0.0	0.0	0.0	1.0	0.0	0.0	0.0	0.0	0.0	0.0	0.0	1.0	0.0	0.0	0.0	0.0	50.0	M0	0.0136918442175598
TCGA-50-7109-01A-11D-2036-08	0.0	1.0	1.0	0.0	0.0	1.0	0.0	0.0	0.0	0.0	0.0	0.0	0.0	0.0	0.0	0.0	0.0	1.0	0.0	120.0	M0	0.00488152638266633
TCGA-50-8457-01A-11D-2323-08	1.0	0.0	1.0	0.0	0.0	1.0	0.0	0.0	0.0	0.0	0.0	0.0	0.0	0.0	1.0	0.0	0.0	0.0	0.0	30.0	M0	0.000959030487947051
TCGA-50-8459-01A-11D-2323-08	0.0	1.0	1.0	0.0	0.0	0.0	0.0	0.0	0.0	1.0	0.0	0.0	0.0	0.0	0.0	0.0	0.0	1.0	0.0	10.0	M0	0.00154802275581244
TCGA-53-7624-01A-11D-2063-08	1.0	0.0	0.0	1.0	0.0	0.0	0.0	0.0	0.0	0.0	0.0	0.0	0.0	1.0	0.0	0.0	0.0	1.0	0.0	50.0	M1	0.0109383026443934
TCGA-53-7626-01A-12D-2063-08	1.0	0.0	1.0	0.0	0.0	0.0	0.0	0.0	1.0	0.0	0.0	0.0	0.0	0.0	1.0	0.0	0.0	0.0	0.0	35.0	M0	0.0066527470094129
TCGA-53-7813-01A-11D-2167-08	1.0	0.0	0.0	1.0	0.0	0.0	0.0	0.0	0.0	0.0	0.0	0.0	1.0	0.0	1.0	0.0	0.0	0.0	0.0	35.0	M0	0.00257869221773795
TCGA-53-A4EZ-01A-12D-A24P-08	0.0	1.0	1.0	0.0	0.0	0.0	0.0	0.0	1.0	0.0	0.0	0.0	0.0	0.0	0.0	1.0	0.0	0.0	0.0	40.0	M1	0.00916270838516748
TCGA-55-1596-01A-01D-1040-01	0.0	1.0	0.0	1.0	0.0	0.0	0.0	0.0	0.0	1.0	0.0	0.0	0.0	0.0	0.0	0.0	0.0	1.0	0.0	50.0	M0	0.00456330937387976
TCGA-55-6543-01A-11D-1753-08	1.0	0.0	1.0	0.0	0.0	1.0	0.0	0.0	0.0	0.0	0.0	0.0	0.0	0.0	1.0	0.0	0.0	0.0	0.0	60.0	M0	9.05633037493208e-05
TCGA-55-6971-01A-11D-1945-08	1.0	0.0	0.0	1.0	0.0	0.0	1.0	0.0	0.0	0.0	0.0	0.0	0.0	0.0	1.0	0.0	0.0	0.0	0.0	60.0	M0	0.00147306136871951
TCGA-55-6983-01A-11D-1945-08	0.0	1.0	1.0	0.0	0.0	0.0	0.0	0.0	0.0	1.0	0.0	0.0	0.0	0.0	1.0	0.0	0.0	0.0	0.0	60.0	M0	0.00285724721977614
TCGA-55-6985-01A-11D-1945-08	1.0	0.0	0.0	1.0	0.0	0.0	1.0	0.0	0.0	0.0	0.0	0.0	0.0	0.0	1.0	0.0	0.0	0.0	0.0	50.0	M0	0.0120234358785873
TCGA-55-7281-01A-11D-2036-08	1.0	0.0	1.0	0.0	0.0	1.0	0.0	0.0	0.0	0.0	0.0	0.0	0.0	0.0	1.0	0.0	0.0	0.0	0.0	20.0	M0	0.00739175962882035
TCGA-55-7283-01A-11D-2036-08	1.0	0.0	1.0	0.0	0.0	0.0	0.0	0.0	0.0	0.0	0.0	1.0	0.0	0.0	0.0	1.0	0.0	0.0	0.0	5.0	M1	0.0026031956079099303
TCGA-55-7574-01A-11D-2036-08	1.0	0.0	1.0	0.0	0.0	0.0	1.0	0.0	0.0	0.0	0.0	0.0	0.0	0.0	1.0	0.0	0.0	0.0	0.0	2.0	M0	0.00403911703358119
TCGA-55-7724-01A-11D-2167-08	1.0	0.0	1.0	0.0	0.0	0.0	1.0	0.0	0.0	0.0	0.0	0.0	0.0	0.0	1.0	0.0	0.0	0.0	0.0	50.0	M0	0.00580717921044146
TCGA-55-7725-01A-11D-2167-08	1.0	0.0	1.0	0.0	0.0	1.0	0.0	0.0	0.0	0.0	0.0	0.0	0.0	0.0	0.0	1.0	0.0	0.0	0.0	16.0	M0	0.0033531343235981893
TCGA-55-7726-01A-11D-2167-08	1.0	0.0	1.0	0.0	0.0	1.0	0.0	0.0	0.0	0.0	0.0	0.0	0.0	0.0	0.0	1.0	0.0	0.0	0.0	30.0	M0	0.00169823231746905
TCGA-55-7728-01A-11D-2184-08	1.0	0.0	1.0	0.0	0.0	0.0	1.0	0.0	0.0	0.0	0.0	0.0	0.0	0.0	1.0	0.0	0.0	0.0	0.0	30.0	M0	0.00122747528257518
TCGA-55-7903-01A-11D-2167-08	0.0	1.0	1.0	0.0	0.0	1.0	0.0	0.0	0.0	0.0	0.0	0.0	0.0	0.0	0.0	0.0	0.0	1.0	0.0	40.0	M0	0.00147571163112214
TCGA-55-7907-01A-11D-2167-08	0.0	1.0	1.0	0.0	0.0	0.0	0.0	0.0	1.0	0.0	0.0	0.0	0.0	0.0	0.0	1.0	0.0	0.0	0.0	80.0	M1	0.0182466035305106
TCGA-55-7910-01A-11D-2167-08	1.0	0.0	0.0	1.0	0.0	0.0	0.0	0.0	1.0	0.0	0.0	0.0	0.0	0.0	1.0	0.0	0.0	0.0	0.0	15.0	M0	0.0055483275857560795
TCGA-55-7911-01A-11D-2167-08	1.0	0.0	1.0	0.0	0.0	1.0	0.0	0.0	0.0	0.0	0.0	0.0	0.0	0.0	0.0	1.0	0.0	0.0	0.0	96.0	M0	0.004483452012249821
TCGA-55-7914-01A-11D-2167-08	1.0	0.0	1.0	0.0	0.0	0.0	0.0	0.0	1.0	0.0	0.0	0.0	0.0	0.0	0.0	0.0	0.0	1.0	0.0	5.0	M1	0.0021277459398288
TCGA-55-7994-01A-11D-2184-08	0.0	1.0	1.0	0.0	0.0	0.0	0.0	0.0	0.0	1.0	0.0	0.0	0.0	0.0	0.0	0.0	0.0	1.0	0.0	28.0	M0	0.0216837409135412
TCGA-55-7995-01A-11D-2184-08	1.0	0.0	1.0	0.0	0.0	1.0	0.0	0.0	0.0	0.0	0.0	0.0	0.0	0.0	1.0	0.0	0.0	0.0	0.0	60.0	M0	0.0128474051070378
TCGA-55-8089-01A-11D-2238-08	0.0	1.0	0.0	1.0	0.0	1.0	0.0	0.0	0.0	0.0	0.0	0.0	0.0	0.0	0.0	0.0	0.0	1.0	0.0	97.0	M0	0.0212030078923257
TCGA-55-8092-01A-11D-2238-08	0.0	1.0	1.0	0.0	0.0	0.0	0.0	0.0	0.0	1.0	0.0	0.0	0.0	0.0	1.0	0.0	0.0	0.0	0.0	40.0	M0	0.00866794653095944
TCGA-55-8094-01A-11D-2238-08	0.0	1.0	0.0	1.0	0.0	0.0	0.0	0.0	0.0	0.0	0.0	0.0	0.0	1.0	1.0	0.0	0.0	0.0	0.0	70.0	M1	0.00862333853935785
TCGA-55-8096-01A-11D-2238-08	1.0	0.0	1.0	0.0	0.0	0.0	1.0	0.0	0.0	0.0	0.0	0.0	0.0	0.0	0.0	0.0	0.0	1.0	0.0	104.0	M0	0.00250326360962657
TCGA-55-8097-01A-11D-2238-08	1.0	0.0	1.0	0.0	0.0	1.0	0.0	0.0	0.0	0.0	0.0	0.0	0.0	0.0	1.0	0.0	0.0	0.0	0.0	35.0	M0	0.0023517725805695107
TCGA-55-8203-01A-11D-2238-08	1.0	0.0	1.0	0.0	0.0	1.0	0.0	0.0	0.0	0.0	0.0	0.0	0.0	0.0	0.0	0.0	0.0	1.0	0.0	50.0	M0	0.0090445778589546
TCGA-55-8205-01A-11D-2238-08	1.0	0.0	1.0	0.0	0.0	0.0	0.0	0.0	0.0	1.0	0.0	0.0	0.0	0.0	1.0	0.0	0.0	0.0	0.0	30.0	M0	0.00659996431205499
TCGA-55-8208-01A-11D-2238-08	1.0	0.0	1.0	0.0	0.0	1.0	0.0	0.0	0.0	0.0	0.0	0.0	0.0	0.0	0.0	0.0	0.0	1.0	0.0	50.0	M0	0.00524879994278263
TCGA-55-8299-01A-11D-2284-08	1.0	0.0	1.0	0.0	0.0	1.0	0.0	0.0	0.0	0.0	0.0	0.0	0.0	0.0	1.0	0.0	0.0	0.0	0.0	20.0	M0	0.0049700910955567295
TCGA-55-8301-01A-11D-2284-08	0.0	1.0	0.0	1.0	0.0	0.0	1.0	0.0	0.0	0.0	0.0	0.0	0.0	0.0	0.0	0.0	0.0	1.0	0.0	100.0	M0	0.00610494985726503
TCGA-55-8507-01A-11D-2393-08	0.0	1.0	0.0	1.0	0.0	1.0	0.0	0.0	0.0	0.0	0.0	0.0	0.0	0.0	0.0	0.0	0.0	1.0	0.0	120.0	M0	0.0171449163397429
TCGA-55-8511-01A-11D-2393-08	1.0	0.0	1.0	0.0	0.0	0.0	1.0	0.0	0.0	0.0	0.0	0.0	0.0	0.0	0.0	0.0	0.0	1.0	0.0	58.0	M0	0.0111364906657692
TCGA-55-8512-01A-11D-2393-08	0.0	1.0	0.0	1.0	0.0	0.0	0.0	0.0	0.0	0.0	0.0	0.0	0.0	1.0	0.0	0.0	0.0	1.0	0.0	19.0	M1	0.000605699964660904
TCGA-55-8514-01A-11D-2393-08	1.0	0.0	1.0	0.0	0.0	0.0	1.0	0.0	0.0	0.0	0.0	0.0	0.0	0.0	1.0	0.0	0.0	0.0	0.0	20.0	M0	0.00819531050125201
TCGA-55-8614-01A-11D-2393-08	0.0	1.0	1.0	0.0	0.0	0.0	1.0	0.0	0.0	0.0	0.0	0.0	0.0	0.0	0.0	1.0	0.0	0.0	0.0	40.0	M0	0.00358697944713069
TCGA-55-8615-01A-11D-2393-08	0.0	1.0	1.0	0.0	0.0	0.0	0.0	0.0	0.0	0.0	0.0	1.0	0.0	0.0	0.0	0.0	0.0	1.0	0.0	67.0	M1	0.0030905960382747
TCGA-55-8620-01A-11D-2393-08	0.0	1.0	1.0	0.0	0.0	0.0	0.0	0.0	0.0	0.0	0.0	0.0	0.0	1.0	1.0	0.0	0.0	0.0	0.0	154.0	M1	0.0106781854509703
TCGA-55-8621-01A-11D-2393-08	1.0	0.0	1.0	0.0	0.0	1.0	0.0	0.0	0.0	0.0	0.0	0.0	0.0	0.0	1.0	0.0	0.0	0.0	0.0	30.0	M0	0.00292258620350102
TCGA-55-A48X-01A-11D-A24D-08	1.0	0.0	1.0	0.0	0.0	0.0	0.0	0.0	1.0	0.0	0.0	0.0	0.0	0.0	1.0	0.0	0.0	0.0	0.0	36.0	M0	0.0062560399362518795
TCGA-55-A48Y-01A-11D-A24D-08	0.0	1.0	1.0	0.0	0.0	0.0	0.0	0.0	1.0	0.0	0.0	0.0	0.0	0.0	0.0	0.0	0.0	1.0	0.0	50.0	M0	0.00314312270555731
TCGA-55-A48Z-01A-12D-A24P-08	1.0	0.0	1.0	0.0	0.0	0.0	0.0	0.0	0.0	0.0	0.0	0.0	1.0	0.0	1.0	0.0	0.0	0.0	0.0	40.0	M1	0.000622275129259354
TCGA-55-A490-01A-11D-A24D-08	0.0	1.0	1.0	0.0	0.0	0.0	0.0	0.0	1.0	0.0	0.0	0.0	0.0	0.0	0.0	1.0	0.0	0.0	0.0	34.0	M0	0.0194161910207143
TCGA-55-A491-01A-11D-A24D-08	1.0	0.0	1.0	0.0	0.0	1.0	0.0	0.0	0.0	0.0	0.0	0.0	0.0	0.0	0.0	1.0	0.0	0.0	0.0	45.0	M0	0.00689657274430509
TCGA-55-A492-01A-11D-A24D-08	1.0	0.0	1.0	0.0	0.0	1.0	0.0	0.0	0.0	0.0	0.0	0.0	0.0	0.0	0.0	1.0	0.0	0.0	0.0	35.0	M0	0.0055734037635929295
TCGA-55-A493-01A-11D-A24D-08	1.0	0.0	0.0	1.0	0.0	0.0	1.0	0.0	0.0	0.0	0.0	0.0	0.0	0.0	0.0	0.0	0.0	1.0	0.0	53.0	M0	0.00388251359570282
TCGA-55-A494-01A-11D-A24P-08	1.0	0.0	1.0	0.0	0.0	0.0	1.0	0.0	0.0	0.0	0.0	0.0	0.0	0.0	0.0	1.0	0.0	0.0	0.0	7.0	M0	0.0056266384877456796
TCGA-55-A4DF-01A-11D-A24D-08	0.0	1.0	1.0	0.0	0.0	1.0	0.0	0.0	0.0	0.0	0.0	0.0	0.0	0.0	0.0	1.0	0.0	0.0	0.0	60.0	M0	0.007411188152918291
TCGA-55-A4DG-01A-11D-A24D-08	0.0	1.0	1.0	0.0	0.0	1.0	0.0	0.0	0.0	0.0	0.0	0.0	0.0	0.0	1.0	0.0	0.0	0.0	0.0	100.0	M0	0.0131575948388907
TCGA-62-8399-01A-21D-2323-08	0.0	1.0	1.0	0.0	0.0	0.0	0.0	0.0	0.0	0.0	0.0	1.0	0.0	0.0	1.0	0.0	0.0	0.0	0.0	70.0	M0	0.009895392789557709
TCGA-62-A46O-01A-11D-A24D-08	1.0	0.0	1.0	0.0	0.0	0.0	1.0	0.0	0.0	0.0	0.0	0.0	0.0	0.0	0.0	0.0	0.0	1.0	0.0	48.0	M0	0.0148481194248117
TCGA-62-A46P-01A-11D-A24D-08	0.0	1.0	1.0	0.0	0.0	0.0	1.0	0.0	0.0	0.0	0.0	0.0	0.0	0.0	1.0	0.0	0.0	0.0	0.0	40.0	M0	0.0041200334932365
TCGA-62-A46R-01A-11D-A24D-08	1.0	0.0	0.0	1.0	0.0	0.0	1.0	0.0	0.0	0.0	0.0	0.0	0.0	0.0	1.0	0.0	0.0	0.0	0.0	25.0	M0	0.0039359324134436
TCGA-62-A46S-01A-11D-A24D-08	0.0	1.0	1.0	0.0	0.0	0.0	1.0	0.0	0.0	0.0	0.0	0.0	0.0	0.0	1.0	0.0	0.0	0.0	0.0	40.0	M0	0.00195646900382379
TCGA-62-A470-01A-11D-A24D-08	0.0	1.0	1.0	0.0	0.0	0.0	1.0	0.0	0.0	0.0	0.0	0.0	0.0	0.0	0.0	1.0	0.0	0.0	0.0	30.0	M0	0.0018635167422936107
TCGA-62-A471-01A-12D-A24D-08	0.0	1.0	1.0	0.0	0.0	0.0	0.0	0.0	0.0	1.0	0.0	0.0	0.0	0.0	1.0	0.0	0.0	0.0	0.0	30.0	M0	0.00159543833972905
TCGA-62-A472-01A-11D-A24D-08	0.0	1.0	1.0	0.0	0.0	0.0	0.0	0.0	0.0	1.0	0.0	0.0	0.0	0.0	0.0	0.0	0.0	1.0	0.0	60.0	M0	0.00130147626866381
TCGA-64-1676-01A-01D-0969-08	0.0	1.0	0.0	1.0	0.0	1.0	0.0	0.0	0.0	0.0	0.0	0.0	0.0	0.0	0.0	0.0	0.0	1.0	0.0	60.0	M0	0.0122712647990909
TCGA-64-1677-01A-01W-0928-08	1.0	0.0	1.0	0.0	0.0	0.0	0.0	0.0	0.0	0.0	0.0	1.0	0.0	0.0	0.0	0.0	0.0	1.0	0.0	50.0	M0	0.00443971398317421
TCGA-64-1678-01A-01W-0928-08	1.0	0.0	1.0	0.0	0.0	0.0	0.0	0.0	1.0	0.0	0.0	0.0	0.0	0.0	0.0	1.0	0.0	0.0	0.0	20.0	M0	0.00642387281507595
TCGA-64-1679-01A-21D-2063-08	1.0	0.0	0.0	1.0	0.0	0.0	0.0	0.0	0.0	0.0	0.0	1.0	0.0	0.0	0.0	0.0	0.0	1.0	0.0	40.0	M0	0.0100948866118241
TCGA-64-1680-01A-02D-0969-08	0.0	1.0	1.0	0.0	0.0	0.0	0.0	0.0	0.0	0.0	0.0	0.0	0.0	1.0	0.0	1.0	0.0	0.0	0.0	50.0	M1	0.00103381834809862
TCGA-64-5774-01A-01D-1625-08	0.0	1.0	1.0	0.0	0.0	0.0	1.0	0.0	0.0	0.0	0.0	0.0	0.0	0.0	1.0	0.0	0.0	0.0	0.0	45.0	M0	0.00338176892959657
TCGA-64-5775-01A-01D-1625-08	0.0	1.0	1.0	0.0	0.0	0.0	0.0	0.0	0.0	0.0	0.0	1.0	0.0	0.0	0.0	0.0	0.0	1.0	0.0	110.0	M0	0.0100914327875245
TCGA-64-5778-01A-01D-1625-08	0.0	1.0	1.0	0.0	0.0	0.0	1.0	0.0	0.0	0.0	0.0	0.0	0.0	0.0	1.0	0.0	0.0	0.0	0.0	68.0	M0	0.0101821249963206
TCGA-64-5779-01A-01D-1625-08	0.0	1.0	1.0	0.0	0.0	0.0	0.0	0.0	0.0	0.0	0.0	1.0	0.0	0.0	1.0	0.0	0.0	0.0	0.0	40.0	M0	0.00490803072591818
TCGA-64-5781-01A-01D-1625-08	1.0	0.0	0.0	1.0	0.0	0.0	1.0	0.0	0.0	0.0	0.0	0.0	0.0	0.0	1.0	0.0	0.0	0.0	0.0	25.0	M0	0.0227322803104185
TCGA-64-5815-01A-01D-1625-08	0.0	1.0	1.0	0.0	0.0	0.0	0.0	0.0	0.0	1.0	0.0	0.0	0.0	0.0	0.0	1.0	0.0	0.0	0.0	30.0	M0	0.0033853549772501607
TCGA-69-7761-01A-11D-2167-08	0.0	1.0	1.0	0.0	0.0	0.0	1.0	0.0	0.0	0.0	0.0	0.0	0.0	0.0	0.0	1.0	0.0	0.0	0.0	20.0	M0	0.00011213601753998
TCGA-69-7763-01A-11D-2167-08	0.0	1.0	1.0	0.0	0.0	1.0	0.0	0.0	0.0	0.0	0.0	0.0	0.0	0.0	1.0	0.0	0.0	0.0	0.0	7.5	M0	0.0012023399182191099
TCGA-69-7764-01A-11D-2167-08	0.0	1.0	1.0	0.0	0.0	1.0	0.0	0.0	0.0	0.0	0.0	0.0	0.0	0.0	0.0	1.0	0.0	0.0	0.0	30.0	M0	0.00151660245633059
TCGA-69-7973-01A-11D-2184-08	1.0	0.0	0.0	1.0	0.0	0.0	1.0	0.0	0.0	0.0	0.0	0.0	0.0	0.0	1.0	0.0	0.0	0.0	0.0	25.0	M0	0.00468127674712728
TCGA-69-7974-01A-11D-2184-08	1.0	0.0	0.0	1.0	0.0	0.0	0.0	0.0	0.0	0.0	0.0	1.0	0.0	0.0	1.0	0.0	0.0	0.0	0.0	30.0	M1	0.0111500673089661
TCGA-69-7978-01A-11D-2184-08	0.0	1.0	0.0	1.0	0.0	0.0	0.0	0.0	0.0	1.0	0.0	0.0	0.0	0.0	0.0	0.0	0.0	1.0	0.0	80.0	M1	0.00840120667360351
TCGA-69-7979-01A-11D-2184-08	1.0	0.0	1.0	0.0	0.0	0.0	1.0	0.0	0.0	0.0	0.0	0.0	0.0	0.0	0.0	0.0	0.0	1.0	0.0	28.0	M0	0.0243892051185518
TCGA-69-7980-01A-11D-2184-08	1.0	0.0	1.0	0.0	1.0	0.0	0.0	0.0	0.0	0.0	0.0	0.0	0.0	0.0	1.0	0.0	0.0	0.0	0.0	80.0	M0	0.0121298262402887
TCGA-69-8253-01A-11D-2284-08	1.0	0.0	0.0	1.0	0.0	0.0	0.0	0.0	1.0	0.0	0.0	0.0	0.0	0.0	1.0	0.0	0.0	0.0	0.0	7.8	M1	0.00161260289422715
TCGA-69-8255-01A-11D-2284-08	0.0	1.0	1.0	0.0	0.0	1.0	0.0	0.0	0.0	0.0	0.0	0.0	0.0	0.0	0.0	0.0	0.0	1.0	0.0	40.0	M0	0.00505620481428032
TCGA-69-A59K-01A-11D-A25L-08	1.0	0.0	1.0	0.0	0.0	0.0	0.0	0.0	0.0	1.0	0.0	0.0	0.0	0.0	1.0	0.0	0.0	0.0	0.0	25.0	M0	0.0118839815393342
TCGA-73-4659-01A-01D-1265-08	0.0	1.0	1.0	0.0	0.0	0.0	0.0	0.0	0.0	0.0	0.0	1.0	0.0	0.0	0.0	1.0	0.0	0.0	0.0	12.0	M0	0.0039639449655343795
TCGA-73-4662-01A-01D-1265-08	1.0	0.0	1.0	0.0	0.0	1.0	0.0	0.0	0.0	0.0	0.0	0.0	0.0	0.0	0.0	1.0	0.0	0.0	0.0	10.0	M0	0.00394892570248673
TCGA-73-4666-01A-01D-1265-08	1.0	0.0	0.0	1.0	0.0	0.0	0.0	0.0	0.0	0.0	0.0	0.0	0.0	1.0	1.0	0.0	0.0	0.0	0.0	10.0	M1	0.00692299668888589
TCGA-73-4668-01A-01D-1265-08	1.0	0.0	1.0	0.0	0.0	0.0	0.0	0.0	0.0	1.0	0.0	0.0	0.0	0.0	1.0	0.0	0.0	0.0	0.0	55.0	M0	0.00882834389733988
TCGA-73-4670-01A-01D-1265-08	1.0	0.0	1.0	0.0	0.0	0.0	0.0	0.0	0.0	0.0	0.0	0.0	0.0	1.0	1.0	0.0	0.0	0.0	0.0	30.0	M1	0.0058698841149646295
TCGA-73-4675-01A-01D-1265-08	0.0	1.0	0.0	1.0	0.0	0.0	0.0	0.0	0.0	0.0	0.0	1.0	0.0	0.0	1.0	0.0	0.0	0.0	0.0	41.0	M0	0.000435896322544999
TCGA-73-4676-01A-01D-1753-08	0.0	1.0	0.0	1.0	0.0	0.0	0.0	0.0	1.0	0.0	0.0	0.0	0.0	0.0	1.0	0.0	0.0	0.0	0.0	48.0	M0	0.0012584594533848901
TCGA-73-7498-01A-12D-2184-08	1.0	0.0	0.0	1.0	0.0	1.0	0.0	0.0	0.0	0.0	0.0	0.0	0.0	0.0	1.0	0.0	0.0	0.0	0.0	28.0	M0	0.00168998886928094
TCGA-73-A9RS-01A-11D-A410-08	0.0	1.0	0.0	1.0	0.0	0.0	0.0	0.0	0.0	1.0	0.0	0.0	0.0	0.0	0.0	0.0	0.0	1.0	0.0	11.0	M0	0.0127576336864552
TCGA-75-5122-01A-01D-1753-08	0.0	1.0	0.0	0.0	0.0	0.0	1.0	0.0	0.0	0.0	0.0	0.0	0.0	0.0	0.0	1.0	0.0	0.0	0.0	20.0	M0	0.00326991955690447
TCGA-75-5125-01A-01D-1753-08	0.0	1.0	0.0	0.0	0.0	0.0	0.0	0.0	0.0	1.0	0.0	0.0	0.0	0.0	0.0	1.0	0.0	0.0	0.0	25.0	M0	0.00225282908386598
TCGA-75-5126-01A-01D-1753-08	1.0	0.0	0.0	0.0	0.0	0.0	0.0	0.0	0.0	0.0	0.0	1.0	0.0	0.0	1.0	0.0	0.0	0.0	0.0	40.0	M0	0.0104544606057695
TCGA-75-6203-01A-11D-1753-08	1.0	0.0	0.0	0.0	0.0	0.0	0.0	0.0	0.0	0.0	0.0	1.0	0.0	0.0	0.0	0.0	0.0	0.0	1.0	0.0	M0	0.00034153171142189
TCGA-75-6206-01A-11D-1753-08	0.0	1.0	0.0	0.0	0.0	0.0	1.0	0.0	0.0	0.0	0.0	0.0	0.0	0.0	0.0	1.0	0.0	0.0	0.0	20.0	M0	0.0025092226729746397
TCGA-75-6207-01A-11D-1753-08	0.0	1.0	0.0	0.0	0.0	0.0	0.0	0.0	0.0	0.0	0.0	1.0	0.0	0.0	0.0	1.0	0.0	0.0	0.0	10.0	M0	0.0009657245478004081
TCGA-75-6211-01A-11D-1753-08	1.0	0.0	0.0	0.0	0.0	0.0	1.0	0.0	0.0	0.0	0.0	0.0	0.0	0.0	0.0	0.0	0.0	1.0	0.0	34.0	M0	0.0056632403865851605
TCGA-75-6214-01A-41D-1945-08	1.0	0.0	0.0	0.0	0.0	0.0	0.0	0.0	0.0	0.0	0.0	1.0	0.0	0.0	0.0	0.0	0.0	1.0	0.0	40.0	M0	0.0129574658466009
TCGA-75-7027-01A-11D-1945-08	0.0	1.0	0.0	0.0	0.0	0.0	1.0	0.0	0.0	0.0	0.0	0.0	0.0	0.0	0.0	0.0	0.0	1.0	0.0	50.0	M0	0.0046048313811221
TCGA-75-7031-01A-11D-1945-08	1.0	0.0	0.0	0.0	0.0	0.0	1.0	0.0	0.0	0.0	0.0	0.0	0.0	0.0	0.0	1.0	0.0	0.0	0.0	5.0	M0	0.00293765257703795
TCGA-78-7145-01A-11D-2036-08	1.0	0.0	0.0	1.0	0.0	0.0	0.0	0.0	0.0	0.0	0.0	0.0	0.0	1.0	1.0	0.0	0.0	0.0	0.0	25.0	M1	0.00258018998650752
TCGA-78-7146-01A-11D-2036-08	1.0	0.0	1.0	0.0	0.0	0.0	0.0	0.0	0.0	0.0	0.0	1.0	0.0	0.0	1.0	0.0	0.0	0.0	0.0	6.0	M0	0.0071341512572228
TCGA-78-7147-01A-11D-2036-08	1.0	0.0	1.0	0.0	0.0	0.0	0.0	0.0	0.0	1.0	0.0	0.0	0.0	0.0	0.0	0.0	0.0	1.0	0.0	50.0	M0	0.00548675419354186
TCGA-78-7148-01A-11D-2036-08	0.0	1.0	1.0	0.0	0.0	0.0	0.0	0.0	0.0	1.0	0.0	0.0	0.0	0.0	0.0	0.0	0.0	1.0	0.0	57.0	M0	0.00526016778717496
TCGA-78-7149-01A-11D-2036-08	0.0	1.0	1.0	0.0	0.0	0.0	0.0	0.0	0.0	0.0	0.0	0.0	1.0	0.0	0.0	0.0	0.0	1.0	0.0	115.0	M0	0.00158752671385706
TCGA-78-7150-01A-21D-2036-08	0.0	1.0	0.0	1.0	0.0	0.0	0.0	0.0	0.0	1.0	0.0	0.0	0.0	0.0	1.0	0.0	0.0	0.0	0.0	37.0	M0	0.00615376962032925
TCGA-78-7152-01A-11D-2036-08	0.0	1.0	1.0	0.0	0.0	0.0	1.0	0.0	0.0	0.0	0.0	0.0	0.0	0.0	1.0	0.0	0.0	0.0	0.0	40.0	M0	0.00324223933234741
TCGA-78-7153-01A-11D-2036-08	1.0	0.0	1.0	0.0	0.0	0.0	1.0	0.0	0.0	0.0	0.0	0.0	0.0	0.0	1.0	0.0	0.0	0.0	0.0	20.0	M0	0.00189346915734235
TCGA-78-7154-01A-11D-2036-08	0.0	1.0	1.0	0.0	0.0	0.0	0.0	0.0	0.0	0.0	0.0	1.0	0.0	0.0	1.0	0.0	0.0	0.0	0.0	112.5	M0	0.003968187395026079
TCGA-78-7155-01A-11D-2036-08	0.0	1.0	1.0	0.0	0.0	0.0	1.0	0.0	0.0	0.0	0.0	0.0	0.0	0.0	1.0	0.0	0.0	0.0	0.0	48.0	M0	0.0247710624214685
TCGA-78-7156-01A-11D-2036-08	0.0	1.0	1.0	0.0	0.0	0.0	0.0	0.0	0.0	0.0	0.0	0.0	0.0	1.0	0.0	1.0	0.0	0.0	0.0	84.0	M1	0.0035357583575242203
TCGA-78-7158-01A-11D-2036-08	1.0	0.0	0.0	1.0	0.0	0.0	0.0	0.0	0.0	0.0	0.0	0.0	1.0	0.0	1.0	0.0	0.0	0.0	0.0	14.0	M0	0.004829353882783521
TCGA-78-7159-01A-11D-2036-08	1.0	0.0	1.0	0.0	0.0	1.0	0.0	0.0	0.0	0.0	0.0	0.0	0.0	0.0	1.0	0.0	0.0	0.0	0.0	21.0	M0	0.007200743135771671
TCGA-78-7160-01A-11D-2036-08	0.0	1.0	1.0	0.0	0.0	0.0	0.0	0.0	0.0	0.0	0.0	0.0	0.0	1.0	1.0	0.0	0.0	0.0	0.0	43.8	M1	0.000238232349698832
TCGA-78-7161-01A-11D-2036-08	1.0	0.0	1.0	0.0	0.0	0.0	0.0	0.0	0.0	1.0	0.0	0.0	0.0	0.0	1.0	0.0	0.0	0.0	0.0	27.8	M0	0.00430511736684296
TCGA-78-7162-01A-21D-2063-08	0.0	1.0	1.0	0.0	0.0	1.0	0.0	0.0	0.0	0.0	0.0	0.0	0.0	0.0	0.0	0.0	0.0	1.0	0.0	12.0	M0	0.0024990750259221307
TCGA-78-7163-01A-12D-2063-08	0.0	1.0	1.0	0.0	0.0	0.0	1.0	0.0	0.0	0.0	0.0	0.0	0.0	0.0	1.0	0.0	0.0	0.0	0.0	41.0	M0	0.000418414402026979
TCGA-78-7166-01A-12D-2063-08	0.0	1.0	1.0	0.0	0.0	0.0	0.0	0.0	0.0	1.0	0.0	0.0	0.0	0.0	0.0	1.0	0.0	0.0	0.0	38.0	M0	0.00471647482280074
TCGA-78-7167-01A-11D-2063-08	0.0	1.0	1.0	0.0	0.0	0.0	0.0	0.0	0.0	0.0	0.0	0.0	0.0	1.0	0.0	0.0	0.0	1.0	0.0	64.0	M1	0.00202704282277859
TCGA-78-7220-01A-11D-2036-08	1.0	0.0	0.0	1.0	0.0	0.0	0.0	0.0	0.0	0.0	0.0	1.0	0.0	0.0	0.0	0.0	0.0	1.0	0.0	35.0	M0	0.0163206133154619
TCGA-78-7535-01A-11D-2063-08	0.0	1.0	0.0	1.0	0.0	0.0	1.0	0.0	0.0	0.0	0.0	0.0	0.0	0.0	0.0	0.0	0.0	1.0	0.0	35.0	M0	0.00350365733612988
TCGA-78-7536-01A-11D-2063-08	0.0	1.0	1.0	0.0	0.0	0.0	0.0	0.0	0.0	0.0	0.0	1.0	0.0	0.0	1.0	0.0	0.0	0.0	0.0	44.0	M0	0.0147488214895005
TCGA-78-7537-01A-11D-2063-08	0.0	1.0	1.0	0.0	0.0	0.0	1.0	0.0	0.0	0.0	0.0	0.0	0.0	0.0	0.0	1.0	0.0	0.0	0.0	20.0	M0	0.00109127550981705
TCGA-78-7539-01A-11D-2063-08	1.0	0.0	1.0	0.0	0.0	0.0	0.0	0.0	1.0	0.0	0.0	0.0	0.0	0.0	0.0	1.0	0.0	0.0	0.0	2.2	M0	0.00505118601129357
TCGA-78-7542-01A-21D-2063-08	0.0	1.0	0.0	1.0	0.0	0.0	1.0	0.0	0.0	0.0	0.0	0.0	0.0	0.0	0.0	0.0	0.0	1.0	0.0	60.0	M0	0.00718850202229648
TCGA-78-7633-01A-11D-2063-08	0.0	1.0	1.0	0.0	0.0	0.0	1.0	0.0	0.0	0.0	0.0	0.0	0.0	0.0	1.0	0.0	0.0	0.0	0.0	94.0	M0	0.00150684285190649
TCGA-78-8640-01A-11D-2393-08	0.0	1.0	0.0	1.0	0.0	0.0	0.0	0.0	1.0	0.0	0.0	0.0	0.0	0.0	0.0	0.0	0.0	1.0	0.0	45.0	M0	0.0109410064714373
TCGA-78-8648-01A-11D-2393-08	1.0	0.0	0.0	1.0	0.0	0.0	0.0	0.0	0.0	1.0	0.0	0.0	0.0	0.0	0.0	0.0	0.0	1.0	0.0	45.0	M0	0.000171558810263794
TCGA-78-8655-01A-11D-2393-08	1.0	0.0	1.0	0.0	0.0	1.0	0.0	0.0	0.0	0.0	0.0	0.0	0.0	0.0	1.0	0.0	0.0	0.0	0.0	10.0	M0	0.00214513261478328
TCGA-78-8660-01A-11D-2393-08	0.0	1.0	1.0	0.0	0.0	0.0	0.0	0.0	0.0	1.0	0.0	0.0	0.0	0.0	1.0	0.0	0.0	0.0	0.0	11.0	M0	0.00626064662581868
TCGA-78-8662-01A-11D-2393-08	1.0	0.0	0.0	1.0	0.0	0.0	1.0	0.0	0.0	0.0	0.0	0.0	0.0	0.0	0.0	0.0	0.0	1.0	0.0	45.0	M0	0.0212891983432885
TCGA-80-5607-01A-31D-1945-08	1.0	0.0	0.0	0.0	0.0	0.0	0.0	0.0	0.0	1.0	0.0	0.0	0.0	0.0	0.0	1.0	0.0	0.0	0.0	15.0	M0	0.0018454598451720801
TCGA-80-5608-01A-31D-1945-08	1.0	0.0	0.0	0.0	0.0	1.0	0.0	0.0	0.0	0.0	0.0	0.0	0.0	0.0	0.0	0.0	0.0	1.0	0.0	26.0	M0	0.00368276189133525
TCGA-80-5611-01A-01D-1625-08	0.0	1.0	0.0	0.0	0.0	0.0	1.0	0.0	0.0	0.0	0.0	0.0	0.0	0.0	1.0	0.0	0.0	0.0	0.0	60.0	M0	0.00259432891264699
TCGA-83-5908-01A-21D-2284-08	1.0	0.0	0.0	1.0	0.0	1.0	0.0	0.0	0.0	0.0	0.0	0.0	0.0	0.0	1.0	0.0	0.0	0.0	0.0	69.0	M0	0.0038573262010472295
TCGA-86-6851-01A-11D-1945-08	1.0	0.0	1.0	0.0	0.0	0.0	0.0	0.0	1.0	0.0	0.0	0.0	0.0	0.0	0.0	0.0	0.0	1.0	0.0	52.0	M0	0.0172704162317569
TCGA-86-7701-01A-11D-2167-08	0.0	1.0	1.0	0.0	0.0	0.0	0.0	0.0	0.0	0.0	0.0	0.0	0.0	1.0	0.0	0.0	0.0	0.0	1.0	0.0	M1	0.0026030638511028307
TCGA-86-7711-01A-11D-2063-08	0.0	1.0	1.0	0.0	0.0	0.0	0.0	0.0	1.0	0.0	0.0	0.0	0.0	0.0	0.0	0.0	0.0	1.0	0.0	50.0	M0	0.00322837853810262
TCGA-86-7714-01A-12D-2167-08	1.0	0.0	1.0	0.0	0.0	0.0	0.0	0.0	0.0	0.0	0.0	1.0	0.0	0.0	0.0	0.0	0.0	1.0	0.0	43.0	M0	0.00120533373912816
TCGA-86-7954-01A-11D-2184-08	1.0	0.0	1.0	0.0	0.0	0.0	1.0	0.0	0.0	0.0	0.0	0.0	0.0	0.0	0.0	1.0	0.0	0.0	0.0	8.0	M0	0.00421944790934744
TCGA-86-8054-01A-11D-2238-08	0.0	1.0	1.0	0.0	0.0	0.0	0.0	0.0	0.0	1.0	0.0	0.0	0.0	0.0	0.0	0.0	0.0	1.0	0.0	9.0	M0	0.004494924918181821
TCGA-86-8055-01A-11D-2238-08	0.0	1.0	1.0	0.0	0.0	0.0	0.0	0.0	1.0	0.0	0.0	0.0	0.0	0.0	0.0	0.0	0.0	1.0	0.0	60.0	M0	0.00048047003657214005
TCGA-86-8056-01A-11D-2238-08	1.0	0.0	1.0	0.0	0.0	0.0	0.0	0.0	0.0	0.0	0.0	1.0	0.0	0.0	0.0	1.0	0.0	0.0	0.0	36.0	M0	0.00541937395417855
TCGA-86-8073-01A-11D-2238-08	0.0	1.0	0.0	1.0	0.0	0.0	1.0	0.0	0.0	0.0	0.0	0.0	0.0	0.0	0.0	0.0	0.0	1.0	0.0	40.0	M0	0.0244994920395634
TCGA-86-8074-01A-11D-2238-08	1.0	0.0	1.0	0.0	0.0	0.0	0.0	0.0	1.0	0.0	0.0	0.0	0.0	0.0	0.0	0.0	0.0	1.0	0.0	40.0	M0	0.00178160145612565
TCGA-86-8281-01A-11D-2284-08	0.0	1.0	1.0	0.0	0.0	1.0	0.0	0.0	0.0	0.0	0.0	0.0	0.0	0.0	0.0	1.0	0.0	0.0	0.0	30.0	M0	0.0050693995070356795
TCGA-86-8358-01A-11D-2323-08	0.0	1.0	0.0	1.0	0.0	0.0	1.0	0.0	0.0	0.0	0.0	0.0	0.0	0.0	0.0	0.0	0.0	1.0	0.0	20.0	M0	0.0147476173872311
TCGA-86-8359-01A-11D-2323-08	0.0	1.0	0.0	1.0	0.0	0.0	0.0	0.0	0.0	0.0	0.0	1.0	0.0	0.0	0.0	0.0	0.0	1.0	0.0	36.0	M0	0.00265185921160371
TCGA-86-8669-01A-11D-2393-08	0.0	1.0	1.0	0.0	0.0	1.0	0.0	0.0	0.0	0.0	0.0	0.0	0.0	0.0	0.0	0.0	0.0	1.0	0.0	47.0	M0	0.00168047239593291
TCGA-86-8673-01A-11D-2393-08	0.0	1.0	1.0	0.0	0.0	0.0	1.0	0.0	0.0	0.0	0.0	0.0	0.0	0.0	0.0	0.0	0.0	1.0	0.0	54.0	M0	0.00840109828521732
TCGA-86-8674-01A-21D-2393-08	0.0	1.0	0.0	1.0	0.0	0.0	0.0	0.0	1.0	0.0	0.0	0.0	0.0	0.0	1.0	0.0	0.0	0.0	0.0	37.5	M0	0.00513058328389433
TCGA-91-6829-01A-21D-1855-08	0.0	1.0	1.0	0.0	0.0	0.0	1.0	0.0	0.0	0.0	0.0	0.0	0.0	0.0	1.0	0.0	0.0	0.0	0.0	94.5	M0	0.0122000604093106
TCGA-91-6830-01A-11D-1945-08	1.0	0.0	1.0	0.0	0.0	0.0	0.0	0.0	1.0	0.0	0.0	0.0	0.0	0.0	1.0	0.0	0.0	0.0	0.0	12.0	M1	0.0025003313972185607
TCGA-91-6835-01A-11D-1855-08	1.0	0.0	1.0	0.0	0.0	1.0	0.0	0.0	0.0	0.0	0.0	0.0	0.0	0.0	0.0	1.0	0.0	0.0	0.0	25.0	M0	0.00082079811846052
TCGA-91-6836-01A-21D-1855-08	1.0	0.0	0.0	1.0	0.0	0.0	1.0	0.0	0.0	0.0	0.0	0.0	0.0	0.0	0.0	0.0	0.0	1.0	0.0	50.0	M0	0.00694941709414477
TCGA-91-6840-01A-11D-1945-08	1.0	0.0	0.0	1.0	0.0	1.0	0.0	0.0	0.0	0.0	0.0	0.0	0.0	0.0	0.0	1.0	0.0	0.0	0.0	50.0	M0	0.0009413708242725939
TCGA-91-6849-01A-11D-1945-08	1.0	0.0	1.0	0.0	0.0	0.0	0.0	0.0	0.0	0.0	0.0	1.0	0.0	0.0	0.0	1.0	0.0	0.0	0.0	30.0	M1	0.0022441788103862
TCGA-91-7771-01A-11D-2167-08	0.0	1.0	1.0	0.0	0.0	0.0	0.0	0.0	0.0	1.0	0.0	0.0	0.0	0.0	1.0	0.0	0.0	0.0	0.0	75.0	M0	0.00369505346582723
TCGA-91-8499-01A-11D-2393-08	1.0	0.0	1.0	0.0	0.0	1.0	0.0	0.0	0.0	0.0	0.0	0.0	0.0	0.0	0.0	0.0	0.0	1.0	0.0	90.0	M0	0.005258917881127
TCGA-91-A4BC-01A-11D-A24D-08	0.0	1.0	0.0	1.0	0.0	0.0	0.0	0.0	1.0	0.0	0.0	0.0	0.0	0.0	1.0	0.0	0.0	0.0	0.0	30.0	M0	0.00721684183207375
TCGA-93-7347-01A-11D-2184-08	1.0	0.0	1.0	0.0	0.0	1.0	0.0	0.0	0.0	0.0	0.0	0.0	0.0	0.0	0.0	1.0	0.0	0.0	0.0	11.0	M0	0.0017918980676154802
TCGA-93-7348-01A-21D-2036-08	1.0	0.0	1.0	0.0	0.0	1.0	0.0	0.0	0.0	0.0	0.0	0.0	0.0	0.0	1.0	0.0	0.0	0.0	0.0	42.0	M0	0.000963702023253977
TCGA-93-8067-01A-11D-2284-08	0.0	1.0	1.0	0.0	0.0	0.0	1.0	0.0	0.0	0.0	0.0	0.0	0.0	0.0	1.0	0.0	0.0	0.0	0.0	20.0	M0	0.00422907868156742
TCGA-93-A4JN-01A-11D-A24P-08	0.0	1.0	1.0	0.0	0.0	0.0	0.0	0.0	0.0	0.0	0.0	0.0	0.0	1.0	0.0	1.0	0.0	0.0	0.0	40.0	M1	0.00214455270146956
TCGA-93-A4JO-01A-21D-A24P-08	0.0	1.0	1.0	0.0	0.0	1.0	0.0	0.0	0.0	0.0	0.0	0.0	0.0	0.0	1.0	0.0	0.0	0.0	0.0	50.0	M0	0.00045874683652113
TCGA-95-7039-01A-11D-1945-08	1.0	0.0	0.0	1.0	0.0	0.0	0.0	0.0	0.0	1.0	0.0	0.0	0.0	0.0	0.0	0.0	0.0	1.0	0.0	34.0	M0	0.0237671838069144
TCGA-95-7043-01A-11D-1945-08	1.0	0.0	1.0	0.0	0.0	1.0	0.0	0.0	0.0	0.0	0.0	0.0	0.0	0.0	1.0	0.0	0.0	0.0	0.0	40.0	M0	0.0226304601974375
TCGA-95-7562-01A-11D-2238-08	0.0	1.0	1.0	0.0	0.0	0.0	0.0	0.0	1.0	0.0	0.0	0.0	0.0	0.0	0.0	1.0	0.0	0.0	0.0	10.0	M0	0.0106428794386476
TCGA-95-7944-01A-11D-2184-08	0.0	1.0	1.0	0.0	0.0	1.0	0.0	0.0	0.0	0.0	0.0	0.0	0.0	0.0	0.0	0.0	0.0	1.0	0.0	50.0	M0	0.00201241807339456
TCGA-95-7947-01A-11D-2184-08	0.0	1.0	1.0	0.0	0.0	1.0	0.0	0.0	0.0	0.0	0.0	0.0	0.0	0.0	1.0	0.0	0.0	0.0	0.0	100.0	M0	0.00732120212474318
TCGA-95-7948-01A-11D-2184-08	1.0	0.0	0.0	1.0	0.0	0.0	1.0	0.0	0.0	0.0	0.0	0.0	0.0	0.0	0.0	1.0	0.0	0.0	0.0	0.15	M0	0.00128882955440813
TCGA-95-A4VK-01A-11D-A25L-08	1.0	0.0	1.0	0.0	0.0	0.0	0.0	0.0	0.0	0.0	0.0	1.0	0.0	0.0	0.0	1.0	0.0	0.0	0.0	45.0	M0	0.00429152401079629
TCGA-95-A4VN-01A-11D-A25L-08	1.0	0.0	1.0	0.0	0.0	0.0	0.0	0.0	1.0	0.0	0.0	0.0	0.0	0.0	1.0	0.0	0.0	0.0	0.0	42.0	M0	0.00842156827005884
TCGA-95-A4VP-01A-21D-A25L-08	1.0	0.0	1.0	0.0	0.0	0.0	0.0	0.0	0.0	0.0	0.0	1.0	0.0	0.0	1.0	0.0	0.0	0.0	0.0	20.0	M0	0.0018992365985381894
TCGA-97-7546-01A-11D-2036-08	1.0	0.0	1.0	0.0	0.0	1.0	0.0	0.0	0.0	0.0	0.0	0.0	0.0	0.0	0.0	1.0	0.0	0.0	0.0	25.0	M0	0.00394166676177573
TCGA-97-7547-01A-11D-2036-08	1.0	0.0	1.0	0.0	0.0	0.0	1.0	0.0	0.0	0.0	0.0	0.0	0.0	0.0	0.0	1.0	0.0	0.0	0.0	30.0	M0	0.00317789415667705
TCGA-97-7552-01A-11D-2036-08	0.0	1.0	1.0	0.0	0.0	0.0	1.0	0.0	0.0	0.0	0.0	0.0	0.0	0.0	0.0	1.0	0.0	0.0	0.0	40.0	M0	0.00031561944839925897
TCGA-97-7553-01A-21D-2036-08	1.0	0.0	0.0	1.0	0.0	1.0	0.0	0.0	0.0	0.0	0.0	0.0	0.0	0.0	0.0	0.0	0.0	1.0	0.0	20.0	M0	0.000590643741313435
TCGA-97-7554-01A-11D-2036-08	1.0	0.0	1.0	0.0	0.0	0.0	0.0	0.0	0.0	0.0	0.0	1.0	0.0	0.0	0.0	1.0	0.0	0.0	0.0	30.0	M0	0.008254249588055209
TCGA-97-7937-01A-11D-2167-08	0.0	1.0	1.0	0.0	0.0	0.0	1.0	0.0	0.0	0.0	0.0	0.0	0.0	0.0	0.0	1.0	0.0	0.0	0.0	35.0	M0	0.010041074662097
TCGA-97-7938-01A-11D-2167-08	1.0	0.0	1.0	0.0	0.0	1.0	0.0	0.0	0.0	0.0	0.0	0.0	0.0	0.0	0.0	1.0	0.0	0.0	0.0	40.0	M0	0.0059116844606223705
TCGA-97-7941-01A-11D-2184-08	1.0	0.0	1.0	0.0	0.0	1.0	0.0	0.0	0.0	0.0	0.0	0.0	0.0	0.0	0.0	1.0	0.0	0.0	0.0	22.5	M0	0.00183446542719155
TCGA-97-8171-01A-11D-2284-08	0.0	1.0	1.0	0.0	0.0	0.0	0.0	0.0	0.0	0.0	0.0	0.0	0.0	1.0	0.0	0.0	0.0	1.0	0.0	65.0	M1	0.000542463231194556
TCGA-97-8172-01A-11D-2284-08	1.0	0.0	1.0	0.0	0.0	0.0	1.0	0.0	0.0	0.0	0.0	0.0	0.0	0.0	0.0	1.0	0.0	0.0	0.0	20.0	M0	0.00660889486876624
TCGA-97-8174-01A-11D-2284-08	0.0	1.0	1.0	0.0	0.0	0.0	0.0	0.0	1.0	0.0	0.0	0.0	0.0	0.0	0.0	1.0	0.0	0.0	0.0	40.0	M0	0.0036111414153349296
TCGA-97-8176-01A-11D-2393-08	0.0	1.0	1.0	0.0	0.0	0.0	0.0	0.0	0.0	0.0	0.0	1.0	0.0	0.0	1.0	0.0	0.0	0.0	0.0	40.0	M0	0.00281514263243752
TCGA-97-8179-01A-11D-2284-08	0.0	1.0	1.0	0.0	0.0	1.0	0.0	0.0	0.0	0.0	0.0	0.0	0.0	0.0	0.0	1.0	0.0	0.0	0.0	60.0	M0	0.00225840535091135
TCGA-97-A4LX-01A-11D-A24P-08	0.0	1.0	1.0	0.0	0.0	0.0	1.0	0.0	0.0	0.0	0.0	0.0	0.0	0.0	0.0	1.0	0.0	0.0	0.0	120.0	M0	0.0033789603312615107
TCGA-97-A4M0-01A-11D-A24P-08	1.0	0.0	1.0	0.0	0.0	0.0	1.0	0.0	0.0	0.0	0.0	0.0	0.0	0.0	1.0	0.0	0.0	0.0	0.0	34.0	M0	0.0074984677492420096
TCGA-97-A4M1-01A-11D-A24P-08	1.0	0.0	0.0	1.0	0.0	1.0	0.0	0.0	0.0	0.0	0.0	0.0	0.0	0.0	0.0	1.0	0.0	0.0	0.0	3.0	M0	0.000371291357019271
TCGA-97-A4M2-01A-12D-A24P-08	0.0	1.0	1.0	0.0	0.0	1.0	0.0	0.0	0.0	0.0	0.0	0.0	0.0	0.0	0.0	0.0	0.0	1.0	0.0	100.0	M0	0.00015872413423796298
TCGA-97-A4M3-01A-11D-A24P-08	1.0	0.0	1.0	0.0	0.0	1.0	0.0	0.0	0.0	0.0	0.0	0.0	0.0	0.0	0.0	1.0	0.0	0.0	0.0	37.5	M0	0.0033497326317662108
TCGA-97-A4M5-01A-11D-A24P-08	0.0	1.0	1.0	0.0	0.0	1.0	0.0	0.0	0.0	0.0	0.0	0.0	0.0	0.0	0.0	1.0	0.0	0.0	0.0	6.0	M0	0.0011099022446872
TCGA-97-A4M7-01A-11D-A24P-08	0.0	1.0	1.0	0.0	0.0	1.0	0.0	0.0	0.0	0.0	0.0	0.0	0.0	0.0	0.0	1.0	0.0	0.0	0.0	40.0	M0	0.0055142922554021
TCGA-99-7458-01A-11D-2036-08	1.0	0.0	1.0	0.0	0.0	0.0	0.0	0.0	0.0	0.0	0.0	1.0	0.0	0.0	1.0	0.0	0.0	0.0	0.0	52.0	M0	0.00919059346326349
TCGA-99-8025-01A-11D-2238-08	1.0	0.0	1.0	0.0	0.0	0.0	0.0	0.0	0.0	0.0	0.0	1.0	0.0	0.0	1.0	0.0	0.0	0.0	0.0	20.0	M0	0.00890407733249522
TCGA-99-8028-01A-11D-2238-08	1.0	0.0	0.0	1.0	0.0	1.0	0.0	0.0	0.0	0.0	0.0	0.0	0.0	0.0	1.0	0.0	0.0	0.0	0.0	30.0	M0	0.012011532052802
TCGA-99-8032-01A-11D-2238-08	0.0	1.0	1.0	0.0	0.0	1.0	0.0	0.0	0.0	0.0	0.0	0.0	0.0	0.0	0.0	0.0	0.0	1.0	0.0	90.0	M0	0.00805027339561315
TCGA-99-AA5R-01A-11D-A397-08	1.0	0.0	1.0	0.0	0.0	1.0	0.0	0.0	0.0	0.0	0.0	0.0	0.0	0.0	0.0	0.0	0.0	1.0	0.0	46.0	M0	0.00113863032468296
TCGA-J2-8194-01A-11D-2238-08	1.0	0.0	1.0	0.0	0.0	0.0	0.0	0.0	0.0	1.0	0.0	0.0	0.0	0.0	0.0	1.0	0.0	0.0	0.0	20.0	M0	0.00264542042585685
TCGA-J2-A4AD-01A-11D-A24D-08	1.0	0.0	1.0	0.0	0.0	1.0	0.0	0.0	0.0	0.0	0.0	0.0	0.0	0.0	0.0	0.0	0.0	1.0	0.0	120.0	M0	0.0038391998654906203
TCGA-J2-A4AG-01A-11D-A24D-08	1.0	0.0	1.0	0.0	0.0	1.0	0.0	0.0	0.0	0.0	0.0	0.0	0.0	0.0	0.0	1.0	0.0	0.0	0.0	25.0	M0	0.00134087730495421
TCGA-L4-A4E5-01A-11D-A24P-08	1.0	0.0	0.0	1.0	1.0	0.0	0.0	0.0	0.0	0.0	0.0	0.0	0.0	0.0	1.0	0.0	0.0	0.0	0.0	33.0	M0	0.00647812583677894
TCGA-L9-A443-01A-12D-A24D-08	1.0	0.0	1.0	0.0	0.0	1.0	0.0	0.0	0.0	0.0	0.0	0.0	0.0	0.0	1.0	0.0	0.0	0.0	0.0	90.0	M0	0.0053534504394968105
TCGA-L9-A444-01A-21D-A24D-08	1.0	0.0	1.0	0.0	0.0	1.0	0.0	0.0	0.0	0.0	0.0	0.0	0.0	0.0	0.0	0.0	0.0	1.0	0.0	10.0	M0	0.0117758249856842
TCGA-L9-A50W-01A-12D-A397-08	0.0	1.0	1.0	0.0	0.0	0.0	0.0	0.0	1.0	0.0	0.0	0.0	0.0	0.0	0.0	1.0	0.0	0.0	0.0	19.0	M1	0.00015605636498103401
TCGA-L9-A7SV-01A-11D-A397-08	0.0	1.0	1.0	0.0	0.0	0.0	0.0	0.0	1.0	0.0	0.0	0.0	0.0	0.0	0.0	1.0	0.0	0.0	0.0	93.0	M0	0.0254769155708789
TCGA-L9-A8F4-01A-11D-A397-08	1.0	0.0	1.0	0.0	0.0	0.0	1.0	0.0	0.0	0.0	0.0	0.0	0.0	0.0	0.0	0.0	0.0	1.0	0.0	14.0	M0	0.0129473799120439
TCGA-MP-A4SW-01A-21D-A24P-08	0.0	1.0	0.0	1.0	0.0	0.0	0.0	0.0	0.0	1.0	0.0	0.0	0.0	0.0	0.0	1.0	0.0	0.0	0.0	15.0	M0	0.00128918703520447
TCGA-MP-A4T2-01A-11D-A24P-08	0.0	1.0	1.0	0.0	0.0	1.0	0.0	0.0	0.0	0.0	0.0	0.0	0.0	0.0	1.0	0.0	0.0	0.0	0.0	75.0	M0	0.000658611232251508
TCGA-MP-A4T4-01A-11D-A25L-08	1.0	0.0	1.0	0.0	0.0	0.0	0.0	0.0	0.0	1.0	0.0	0.0	0.0	0.0	0.0	0.0	0.0	1.0	0.0	50.0	M0	0.00972564443126253
TCGA-MP-A4T6-01A-32D-A25L-08	1.0	0.0	1.0	0.0	0.0	0.0	0.0	0.0	0.0	0.0	0.0	1.0	0.0	0.0	0.0	1.0	0.0	0.0	0.0	50.0	M1	0.0009671543487926401
TCGA-MP-A4T7-01A-11D-A24P-08	1.0	0.0	1.0	0.0	0.0	0.0	0.0	0.0	0.0	0.0	0.0	0.0	0.0	1.0	1.0	0.0	0.0	0.0	0.0	50.0	M1	0.0026799991074509893
TCGA-MP-A4T8-01A-11D-A24P-08	0.0	1.0	1.0	0.0	0.0	0.0	0.0	0.0	0.0	0.0	0.0	1.0	0.0	0.0	0.0	1.0	0.0	0.0	0.0	25.0	M0	0.0021078751171819893
TCGA-MP-A4T9-01A-11D-A24P-08	1.0	0.0	0.0	1.0	0.0	0.0	0.0	0.0	0.0	0.0	0.0	1.0	0.0	0.0	1.0	0.0	0.0	0.0	0.0	24.0	M1	0.000463704067991357
TCGA-MP-A4TA-01A-21D-A24P-08	1.0	0.0	1.0	0.0	0.0	1.0	0.0	0.0	0.0	0.0	0.0	0.0	0.0	0.0	1.0	0.0	0.0	0.0	0.0	55.0	M0	0.00602085537751652
TCGA-MP-A4TC-01A-11D-A24P-08	0.0	1.0	1.0	0.0	0.0	0.0	0.0	0.0	0.0	0.0	0.0	1.0	0.0	0.0	0.0	1.0	0.0	0.0	0.0	125.0	M0	0.00401592568799076
TCGA-MP-A4TD-01A-32D-A25L-08	0.0	1.0	1.0	0.0	0.0	0.0	0.0	0.0	0.0	0.0	0.0	1.0	0.0	0.0	0.0	1.0	0.0	0.0	0.0	20.0	M0	0.0008529196877484
TCGA-MP-A4TE-01A-22D-A25L-08	0.0	1.0	0.0	1.0	0.0	0.0	0.0	0.0	1.0	0.0	0.0	0.0	0.0	0.0	1.0	0.0	0.0	0.0	0.0	40.0	M0	0.00230653483490946
TCGA-MP-A4TF-01A-11D-A25L-08	1.0	0.0	0.0	1.0	0.0	0.0	0.0	0.0	1.0	0.0	0.0	0.0	0.0	0.0	1.0	0.0	0.0	0.0	0.0	40.0	M0	0.00795498829856787
TCGA-MP-A4TH-01A-31D-A25L-08	1.0	0.0	1.0	0.0	0.0	1.0	0.0	0.0	0.0	0.0	0.0	0.0	0.0	0.0	0.0	1.0	0.0	0.0	0.0	20.0	M0	0.00147944786442179
TCGA-MP-A4TI-01A-21D-A24P-08	0.0	1.0	1.0	0.0	0.0	0.0	0.0	0.0	1.0	0.0	0.0	0.0	0.0	0.0	0.0	1.0	0.0	0.0	0.0	35.0	M0	0.00347863287321105
TCGA-MP-A4TK-01A-11D-A24P-08	1.0	0.0	0.0	1.0	0.0	0.0	0.0	0.0	0.0	1.0	0.0	0.0	0.0	0.0	1.0	0.0	0.0	0.0	0.0	28.0	M1	0.004302032996960511
TCGA-MP-A5C7-01A-11D-A25L-08	1.0	0.0	1.0	0.0	0.0	0.0	1.0	0.0	0.0	0.0	0.0	0.0	0.0	0.0	0.0	1.0	0.0	0.0	0.0	15.0	M0	0.0006962945943498218
TCGA-NJ-A4YF-01A-12D-A25L-08	1.0	0.0	0.0	1.0	0.0	1.0	0.0	0.0	0.0	0.0	0.0	0.0	0.0	0.0	0.0	1.0	0.0	0.0	0.0	30.0	M0	0.00884853815507643
TCGA-NJ-A4YG-01A-22D-A25L-08	0.0	1.0	1.0	0.0	0.0	0.0	1.0	0.0	0.0	0.0	0.0	0.0	0.0	0.0	1.0	0.0	0.0	0.0	0.0	104.0	M0	0.0022891595620470892
TCGA-NJ-A4YI-01A-11D-A25L-08	1.0	0.0	1.0	0.0	0.0	0.0	0.0	0.0	0.0	0.0	0.0	1.0	0.0	0.0	0.0	1.0	0.0	0.0	0.0	3.0	M0	0.00666160900911032
TCGA-NJ-A4YP-01A-11D-A25L-08	0.0	1.0	0.0	1.0	0.0	0.0	1.0	0.0	0.0	0.0	0.0	0.0	0.0	0.0	0.0	0.0	1.0	0.0	0.0	60.0	M0	0.0057406770379335795
TCGA-NJ-A4YQ-01A-11D-A25L-08	1.0	0.0	1.0	0.0	0.0	1.0	0.0	0.0	0.0	0.0	0.0	0.0	0.0	0.0	1.0	0.0	0.0	0.0	0.0	40.0	M0	0.0199903826407367
TCGA-NJ-A55A-01A-11D-A25L-08	1.0	0.0	1.0	0.0	0.0	0.0	1.0	0.0	0.0	0.0	0.0	0.0	0.0	0.0	0.0	1.0	0.0	0.0	0.0	25.0	M0	0.0024564545246453
TCGA-NJ-A55O-01A-11D-A25L-08	1.0	0.0	0.0	1.0	0.0	0.0	0.0	0.0	1.0	0.0	0.0	0.0	0.0	0.0	1.0	0.0	0.0	0.0	0.0	30.0	M0	0.00176596192834217
TCGA-NJ-A55R-01A-11D-A25L-08	0.0	1.0	1.0	0.0	0.0	1.0	0.0	0.0	0.0	0.0	0.0	0.0	0.0	0.0	0.0	1.0	0.0	0.0	0.0	5.0	M0	0.0056396136836262215
TCGA-O1-A52J-01A-11D-A25L-08	1.0	0.0	1.0	0.0	0.0	1.0	0.0	0.0	0.0	0.0	0.0	0.0	0.0	0.0	0.0	1.0	0.0	0.0	0.0	45.0	M0	0.00460676729332599
TCGA-S2-AA1A-01A-12D-A397-08	1.0	0.0	1.0	0.0	0.0	1.0	0.0	0.0	0.0	0.0	0.0	0.0	0.0	0.0	0.0	1.0	0.0	0.0	0.0	95.0	M0	0.0019513395351744198
TCGA-18-3406-01A-01D-0983-08	0.0	1.0	1.0	0.0	0.0	1.0	0.0	0.0	0.0	0.0	0.0	0.0	0.0	0.0	1.0	0.0	0.0	0.0	0.0	200.0	M0	0.00350211202996278
TCGA-18-3407-01A-01D-0983-08	0.0	1.0	1.0	0.0	0.0	0.0	1.0	0.0	0.0	0.0	0.0	0.0	0.0	0.0	0.0	1.0	0.0	0.0	0.0	40.0	M0	0.0014982279663899901
TCGA-18-3408-01A-01D-0983-08	1.0	0.0	1.0	0.0	0.0	0.0	1.0	0.0	0.0	0.0	0.0	0.0	0.0	0.0	1.0	0.0	0.0	0.0	0.0	30.0	M0	0.0007545496238857151
TCGA-18-3409-01A-01D-0983-08	0.0	1.0	1.0	0.0	0.0	1.0	0.0	0.0	0.0	0.0	0.0	0.0	0.0	0.0	0.0	1.0	0.0	0.0	0.0	20.0	M0	0.0377250512005318
TCGA-18-3411-01A-01D-0983-08	1.0	0.0	1.0	0.0	0.0	0.0	0.0	0.0	0.0	0.0	0.0	1.0	0.0	0.0	0.0	0.0	0.0	1.0	0.0	50.0	M0	0.007112546031286171
TCGA-18-3412-01A-01D-0983-08	0.0	1.0	0.0	1.0	0.0	0.0	1.0	0.0	0.0	0.0	0.0	0.0	0.0	0.0	1.0	0.0	0.0	0.0	0.0	25.0	M0	0.0016386787012564199
TCGA-18-3414-01A-01D-0983-08	0.0	1.0	1.0	0.0	0.0	0.0	0.0	0.0	0.0	0.0	0.0	0.0	0.0	1.0	1.0	0.0	0.0	0.0	0.0	25.0	M1	0.0059500587584750105
TCGA-18-3415-01A-01D-0983-08	0.0	1.0	1.0	0.0	0.0	0.0	1.0	0.0	0.0	0.0	0.0	0.0	0.0	0.0	0.0	1.0	0.0	0.0	0.0	30.0	M0	0.00295638102627915
TCGA-18-3416-01A-01D-0983-08	0.0	1.0	1.0	0.0	0.0	0.0	0.0	0.0	0.0	1.0	0.0	0.0	0.0	0.0	0.0	1.0	0.0	0.0	0.0	40.0	M0	0.00496121277934223
TCGA-18-3417-01A-01D-1441-08	0.0	1.0	1.0	0.0	0.0	0.0	0.0	0.0	0.0	0.0	0.0	0.0	0.0	1.0	0.0	1.0	0.0	0.0	0.0	25.0	M1	0.00440501662343229
TCGA-18-3419-01A-01D-0983-08	0.0	1.0	1.0	0.0	0.0	0.0	0.0	0.0	0.0	1.0	0.0	0.0	0.0	0.0	1.0	0.0	0.0	0.0	0.0	50.0	M0	0.003386029218104
TCGA-18-3421-01A-01D-0983-08	0.0	1.0	1.0	0.0	0.0	0.0	1.0	0.0	0.0	0.0	0.0	0.0	0.0	0.0	1.0	0.0	0.0	0.0	0.0	40.0	M0	0.00450327866325326
TCGA-18-4083-01A-01D-1352-08	0.0	1.0	1.0	0.0	0.0	0.0	0.0	0.0	0.0	1.0	0.0	0.0	0.0	0.0	0.0	0.0	0.0	1.0	0.0	45.0	M0	0.00698074909727041
TCGA-18-4086-01A-01D-1352-08	0.0	1.0	1.0	0.0	0.0	0.0	1.0	0.0	0.0	0.0	0.0	0.0	0.0	0.0	1.0	0.0	0.0	0.0	0.0	30.0	M0	0.00270245278283788
TCGA-18-5592-01A-01D-1632-08	0.0	1.0	0.0	1.0	0.0	0.0	0.0	0.0	0.0	1.0	0.0	0.0	0.0	0.0	0.0	1.0	0.0	0.0	0.0	40.0	M0	0.0060023070486588895
TCGA-21-1070-01A-01D-1521-08	1.0	0.0	1.0	0.0	0.0	0.0	0.0	0.0	0.0	0.0	0.0	1.0	0.0	0.0	1.0	0.0	0.0	0.0	0.0	15.0	M0	0.00886018859508662
TCGA-21-1071-01A-01D-1521-08	0.0	1.0	1.0	0.0	0.0	0.0	1.0	0.0	0.0	0.0	0.0	0.0	0.0	0.0	0.0	0.0	0.0	1.0	0.0	90.0	M0	0.0031042574165115397
TCGA-21-1075-01A-01W-0782-08	0.0	1.0	0.0	1.0	0.0	0.0	0.0	0.0	0.0	1.0	0.0	0.0	0.0	0.0	0.0	0.0	0.0	1.0	0.0	74.0	M0	0.00433131745698045
TCGA-21-1076-01A-02D-1521-08	1.0	0.0	0.0	1.0	0.0	0.0	1.0	0.0	0.0	0.0	0.0	0.0	0.0	0.0	1.0	0.0	0.0	0.0	0.0	35.0	M0	0.0063171643615467
TCGA-21-1077-01A-01D-1521-08	0.0	1.0	1.0	0.0	0.0	0.0	0.0	0.0	0.0	1.0	0.0	0.0	0.0	0.0	1.0	0.0	0.0	0.0	0.0	56.0	M0	0.0042817490798106395
TCGA-21-1078-01A-01D-1521-08	0.0	1.0	1.0	0.0	0.0	0.0	1.0	0.0	0.0	0.0	0.0	0.0	0.0	0.0	1.0	0.0	0.0	0.0	0.0	9.0	M0	0.000887737567724999
TCGA-21-1079-01A-01W-0782-08	0.0	1.0	1.0	0.0	0.0	0.0	0.0	0.0	0.0	0.0	0.0	1.0	0.0	0.0	0.0	1.0	0.0	0.0	0.0	80.0	M0	0.0175802510714349
TCGA-21-1081-01A-01D-1521-08	0.0	1.0	1.0	0.0	0.0	0.0	0.0	0.0	0.0	1.0	0.0	0.0	0.0	0.0	1.0	0.0	0.0	0.0	0.0	45.0	M0	0.00386624019318849
TCGA-21-1083-01A-01D-1521-08	0.0	1.0	1.0	0.0	0.0	1.0	0.0	0.0	0.0	0.0	0.0	0.0	0.0	0.0	0.0	0.0	0.0	1.0	0.0	240.0	M0	0.013404772622021
TCGA-21-5782-01A-01D-1632-08	1.0	0.0	1.0	0.0	0.0	0.0	1.0	0.0	0.0	0.0	0.0	0.0	0.0	0.0	1.0	0.0	0.0	0.0	0.0	48.0	M0	0.00467711465431299
TCGA-21-5784-01A-01D-1632-08	1.0	0.0	1.0	0.0	0.0	0.0	1.0	0.0	0.0	0.0	0.0	0.0	0.0	0.0	0.0	1.0	0.0	0.0	0.0	14.0	M0	0.00663521208374905
TCGA-21-5786-01A-01D-1632-08	0.0	1.0	1.0	0.0	0.0	0.0	1.0	0.0	0.0	0.0	0.0	0.0	0.0	0.0	0.0	0.0	0.0	1.0	0.0	75.0	M0	0.00692206748807871
TCGA-21-5787-01A-01D-1632-08	0.0	1.0	1.0	0.0	0.0	0.0	0.0	0.0	0.0	0.0	0.0	1.0	0.0	0.0	1.0	0.0	0.0	0.0	0.0	100.0	M0	0.00699875811395006
TCGA-22-0940-01A-01D-1521-08	0.0	1.0	1.0	0.0	0.0	0.0	0.0	0.0	1.0	0.0	0.0	0.0	0.0	0.0	0.0	1.0	0.0	0.0	0.0	25.0	M0	0.00326632201541395
TCGA-22-0944-01A-01D-1521-08	0.0	1.0	1.0	0.0	0.0	0.0	1.0	0.0	0.0	0.0	0.0	0.0	0.0	0.0	0.0	0.0	0.0	1.0	0.0	38.0	M0	0.00331770596150946
TCGA-22-1000-01A-01D-1521-08	0.0	1.0	1.0	0.0	0.0	0.0	1.0	0.0	0.0	0.0	0.0	0.0	0.0	0.0	1.0	0.0	0.0	0.0	0.0	40.0	M0	0.00263050815579323
TCGA-22-1002-01A-01D-1521-08	0.0	1.0	1.0	0.0	0.0	1.0	0.0	0.0	0.0	0.0	0.0	0.0	0.0	0.0	1.0	0.0	0.0	0.0	0.0	85.0	M0	0.00249529021729057
TCGA-22-1005-01A-01D-1521-08	0.0	1.0	1.0	0.0	0.0	1.0	0.0	0.0	0.0	0.0	0.0	0.0	0.0	0.0	1.0	0.0	0.0	0.0	0.0	40.0	M0	0.00594521066434223
TCGA-22-1011-01A-01D-1521-08	0.0	1.0	1.0	0.0	0.0	0.0	1.0	0.0	0.0	0.0	0.0	0.0	0.0	0.0	0.0	0.0	0.0	1.0	0.0	83.0	M0	0.00101219805547672
TCGA-22-1012-01A-01D-1521-08	1.0	0.0	1.0	0.0	0.0	0.0	1.0	0.0	0.0	0.0	0.0	0.0	0.0	0.0	1.0	0.0	0.0	0.0	0.0	60.0	M0	0.00373818998493482
TCGA-22-1016-01A-01D-1521-08	0.0	1.0	1.0	0.0	0.0	0.0	1.0	0.0	0.0	0.0	0.0	0.0	0.0	0.0	0.0	1.0	0.0	0.0	0.0	40.0	M0	0.00530704112400496
TCGA-22-4593-01A-21D-1817-08	0.0	1.0	1.0	0.0	0.0	0.0	0.0	0.0	1.0	0.0	0.0	0.0	0.0	0.0	1.0	0.0	0.0	0.0	0.0	30.0	M0	0.00213734279561348
TCGA-22-4594-01A-01D-1267-08	1.0	0.0	1.0	0.0	0.0	0.0	0.0	0.0	0.0	0.0	0.0	1.0	0.0	0.0	1.0	0.0	0.0	0.0	0.0	40.0	M0	0.00795529295965183
TCGA-22-4596-01A-01D-1267-08	1.0	0.0	1.0	0.0	0.0	0.0	1.0	0.0	0.0	0.0	0.0	0.0	0.0	0.0	1.0	0.0	0.0	0.0	0.0	40.0	M0	0.0044543733554618286
TCGA-22-4599-01A-01D-1441-08	1.0	0.0	1.0	0.0	0.0	0.0	1.0	0.0	0.0	0.0	0.0	0.0	0.0	0.0	0.0	0.0	0.0	1.0	0.0	25.0	M0	0.00791002503079611
TCGA-22-4601-01A-01D-1441-08	1.0	0.0	1.0	0.0	0.0	0.0	0.0	0.0	0.0	0.0	0.0	1.0	0.0	0.0	0.0	0.0	0.0	1.0	0.0	60.0	M0	0.0031744291247087397
TCGA-22-4604-01A-01D-1267-08	0.0	1.0	1.0	0.0	0.0	0.0	0.0	0.0	1.0	0.0	0.0	0.0	0.0	0.0	0.0	0.0	0.0	1.0	0.0	50.0	M0	0.00343059802914272
TCGA-22-4607-01A-01D-1267-08	0.0	1.0	1.0	0.0	0.0	0.0	1.0	0.0	0.0	0.0	0.0	0.0	0.0	0.0	0.0	1.0	0.0	0.0	0.0	20.0	M0	0.00143218258557531
TCGA-22-4613-01A-01D-1441-08	1.0	0.0	1.0	0.0	0.0	1.0	0.0	0.0	0.0	0.0	0.0	0.0	0.0	0.0	0.0	1.0	0.0	0.0	0.0	30.0	M0	0.0106144584171721
TCGA-22-5471-01A-01D-1632-08	0.0	1.0	1.0	0.0	0.0	0.0	1.0	0.0	0.0	0.0	0.0	0.0	0.0	0.0	1.0	0.0	0.0	0.0	0.0	50.0	M0	0.0045069005663368605
TCGA-22-5472-01A-01D-1632-08	0.0	1.0	1.0	0.0	0.0	0.0	1.0	0.0	0.0	0.0	0.0	0.0	0.0	0.0	1.0	0.0	0.0	0.0	0.0	35.0	M0	0.00391435309082522
TCGA-22-5473-01A-01D-1632-08	0.0	1.0	1.0	0.0	0.0	0.0	1.0	0.0	0.0	0.0	0.0	0.0	0.0	0.0	0.0	1.0	0.0	0.0	0.0	45.0	M0	0.0135422364153627
TCGA-22-5474-01A-01D-1632-08	0.0	1.0	1.0	0.0	0.0	0.0	1.0	0.0	0.0	0.0	0.0	0.0	0.0	0.0	1.0	0.0	0.0	0.0	0.0	50.0	M0	0.00153463309592433
TCGA-22-5477-01A-01D-1632-08	0.0	1.0	1.0	0.0	0.0	1.0	0.0	0.0	0.0	0.0	0.0	0.0	0.0	0.0	0.0	0.0	0.0	1.0	0.0	100.0	M0	0.00244221026730908
TCGA-22-5479-01A-31D-1945-08	0.0	1.0	1.0	0.0	0.0	0.0	1.0	0.0	0.0	0.0	0.0	0.0	0.0	0.0	1.0	0.0	0.0	0.0	0.0	35.0	M0	0.00827460119759547
TCGA-22-5480-01A-01D-1632-08	1.0	0.0	1.0	0.0	0.0	1.0	0.0	0.0	0.0	0.0	0.0	0.0	0.0	0.0	1.0	0.0	0.0	0.0	0.0	50.0	M0	0.0022716582152616602
TCGA-22-5481-01A-31D-1945-08	1.0	0.0	1.0	0.0	0.0	0.0	0.0	0.0	0.0	1.0	0.0	0.0	0.0	0.0	1.0	0.0	0.0	0.0	0.0	75.0	M0	0.0036093570808772
TCGA-22-5482-01A-01D-1632-08	0.0	1.0	1.0	0.0	0.0	0.0	1.0	0.0	0.0	0.0	0.0	0.0	0.0	0.0	1.0	0.0	0.0	0.0	0.0	60.0	M0	0.00216858839179402
TCGA-22-5483-01A-01D-1817-08	0.0	1.0	1.0	0.0	0.0	0.0	0.0	0.0	1.0	0.0	0.0	0.0	0.0	0.0	1.0	0.0	0.0	0.0	0.0	50.0	M0	0.00314868578593281
TCGA-22-5485-01A-01D-1632-08	1.0	0.0	0.0	1.0	0.0	1.0	0.0	0.0	0.0	0.0	0.0	0.0	0.0	0.0	0.0	0.0	0.0	1.0	0.0	60.0	M0	0.0041527044427515
TCGA-22-5489-01A-01D-1632-08	0.0	1.0	1.0	0.0	0.0	1.0	0.0	0.0	0.0	0.0	0.0	0.0	0.0	0.0	1.0	0.0	0.0	0.0	0.0	70.0	M0	0.00361399553158751
TCGA-22-5491-01A-01D-1632-08	0.0	1.0	1.0	0.0	0.0	1.0	0.0	0.0	0.0	0.0	0.0	0.0	0.0	0.0	0.0	0.0	0.0	1.0	0.0	57.0	M0	0.004990347381249561
TCGA-22-5492-01A-01D-1632-08	1.0	0.0	1.0	0.0	0.0	0.0	0.0	0.0	0.0	0.0	0.0	1.0	0.0	0.0	1.0	0.0	0.0	0.0	0.0	50.0	M0	0.00411899673831453
TCGA-33-4532-01A-01D-1267-08	0.0	1.0	1.0	0.0	0.0	0.0	1.0	0.0	0.0	0.0	0.0	0.0	0.0	0.0	0.0	0.0	0.0	1.0	0.0	53.0	M0	0.0078262448917163
TCGA-33-4533-01A-01D-1267-08	1.0	0.0	1.0	0.0	0.0	0.0	1.0	0.0	0.0	0.0	0.0	0.0	0.0	0.0	1.0	0.0	0.0	0.0	0.0	50.0	M0	0.0040825537919901705
TCGA-33-4538-01A-01D-1267-08	0.0	1.0	1.0	0.0	0.0	0.0	0.0	0.0	0.0	0.0	0.0	1.0	0.0	0.0	0.0	0.0	0.0	1.0	0.0	51.0	M0	0.00152846746285804
TCGA-33-4547-01A-01D-1267-08	0.0	1.0	1.0	0.0	0.0	0.0	1.0	0.0	0.0	0.0	0.0	0.0	0.0	0.0	0.0	1.0	0.0	0.0	0.0	40.0	M0	0.0021219760806399104
TCGA-33-4566-01A-01D-1441-08	0.0	1.0	0.0	1.0	0.0	0.0	1.0	0.0	0.0	0.0	0.0	0.0	0.0	0.0	0.0	0.0	0.0	1.0	0.0	20.0	M0	0.0196501804567107
TCGA-33-4582-01A-01D-1441-08	0.0	1.0	0.0	1.0	0.0	1.0	0.0	0.0	0.0	0.0	0.0	0.0	0.0	0.0	0.0	0.0	0.0	1.0	0.0	86.0	M0	0.00215595486812852
TCGA-33-4583-01A-01D-1441-08	0.0	1.0	1.0	0.0	0.0	1.0	0.0	0.0	0.0	0.0	0.0	0.0	0.0	0.0	1.0	0.0	0.0	0.0	0.0	46.0	M0	0.0105003624661222
TCGA-33-4586-01A-01D-1441-08	0.0	1.0	0.0	1.0	0.0	0.0	0.0	0.0	0.0	0.0	0.0	1.0	0.0	0.0	1.0	0.0	0.0	0.0	0.0	108.0	M0	0.00755730610613392
TCGA-33-4589-01A-01D-1441-08	1.0	0.0	1.0	0.0	0.0	0.0	0.0	0.0	0.0	1.0	0.0	0.0	0.0	0.0	0.0	0.0	0.0	1.0	0.0	45.0	M0	0.00102139231501555
TCGA-33-6737-01A-11D-1817-08	0.0	1.0	1.0	0.0	0.0	0.0	0.0	0.0	0.0	0.0	0.0	1.0	0.0	0.0	1.0	0.0	0.0	0.0	0.0	20.0	M0	0.00631878947455639
TCGA-33-6738-01A-11D-1945-08	0.0	1.0	1.0	0.0	0.0	0.0	0.0	0.0	0.0	0.0	0.0	1.0	0.0	0.0	1.0	0.0	0.0	0.0	0.0	50.0	M1	0.0036598312711938795
TCGA-33-A4WN-01A-11D-A25L-08	0.0	1.0	1.0	0.0	0.0	0.0	1.0	0.0	0.0	0.0	0.0	0.0	0.0	0.0	0.0	0.0	0.0	1.0	0.0	60.0	M0	0.00362670106882845
TCGA-33-A5GW-01A-11D-A27K-08	0.0	1.0	1.0	0.0	0.0	0.0	0.0	0.0	1.0	0.0	0.0	0.0	0.0	0.0	1.0	0.0	0.0	0.0	0.0	50.0	M1	0.00183120079903677
TCGA-33-AAS8-01A-11D-A401-08	1.0	0.0	0.0	1.0	0.0	1.0	0.0	0.0	0.0	0.0	0.0	0.0	0.0	0.0	1.0	0.0	0.0	0.0	0.0	60.0	M0	0.0064720213754816715
TCGA-33-AASB-01A-11D-A401-08	0.0	1.0	1.0	0.0	0.0	0.0	1.0	0.0	0.0	0.0	0.0	0.0	0.0	0.0	0.0	0.0	0.0	1.0	0.0	40.0	M0	0.00900897853195011
TCGA-33-AASD-01A-11D-A401-08	0.0	1.0	1.0	0.0	0.0	1.0	0.0	0.0	0.0	0.0	0.0	0.0	0.0	0.0	0.0	0.0	0.0	1.0	0.0	84.0	M0	0.00735113723897348
TCGA-33-AASI-01A-22D-A401-08	1.0	0.0	1.0	0.0	0.0	0.0	0.0	0.0	0.0	1.0	0.0	0.0	0.0	0.0	1.0	0.0	0.0	0.0	0.0	60.0	M1	0.00774393540727443
TCGA-33-AASL-01A-11D-A401-08	1.0	0.0	0.0	1.0	0.0	1.0	0.0	0.0	0.0	0.0	0.0	0.0	0.0	0.0	0.0	0.0	0.0	1.0	0.0	60.0	M0	0.00443304883935081
TCGA-34-2596-01A-01D-1522-08	0.0	1.0	1.0	0.0	0.0	0.0	0.0	0.0	0.0	1.0	0.0	0.0	0.0	0.0	0.0	1.0	0.0	0.0	0.0	60.0	M0	0.00340430344933648
TCGA-34-2600-01A-01D-1522-08	1.0	0.0	1.0	0.0	0.0	1.0	0.0	0.0	0.0	0.0	0.0	0.0	0.0	0.0	1.0	0.0	0.0	0.0	0.0	50.0	M0	0.0082218080869686
TCGA-34-2604-01A-01D-1522-08	1.0	0.0	1.0	0.0	0.0	0.0	1.0	0.0	0.0	0.0	0.0	0.0	0.0	0.0	0.0	0.0	0.0	1.0	0.0	132.0	M0	0.00957262515164827
TCGA-34-2605-01A-01D-1522-08	0.0	1.0	1.0	0.0	0.0	0.0	0.0	0.0	0.0	0.0	0.0	0.0	1.0	0.0	1.0	0.0	0.0	0.0	0.0	60.0	M0	0.0059514699158698895
TCGA-34-2608-01A-02D-1522-08	0.0	1.0	1.0	0.0	0.0	0.0	1.0	0.0	0.0	0.0	0.0	0.0	0.0	0.0	0.0	1.0	0.0	0.0	0.0	60.0	M0	0.00297938523379706
TCGA-34-2609-01A-01W-0877-08	0.0	1.0	1.0	0.0	0.0	0.0	0.0	0.0	0.0	1.0	0.0	0.0	0.0	0.0	1.0	0.0	0.0	0.0	0.0	60.0	M0	0.00561111586172855
TCGA-34-5231-01A-21D-1817-08	0.0	1.0	1.0	0.0	0.0	1.0	0.0	0.0	0.0	0.0	0.0	0.0	0.0	0.0	0.0	1.0	0.0	0.0	0.0	50.0	M0	0.00713826928456433
TCGA-34-5234-01A-01D-1632-08	1.0	0.0	1.0	0.0	0.0	1.0	0.0	0.0	0.0	0.0	0.0	0.0	0.0	0.0	1.0	0.0	0.0	0.0	0.0	40.0	M0	0.00293724694739558
TCGA-34-5240-01A-01D-1441-08	1.0	0.0	1.0	0.0	0.0	0.0	0.0	0.0	0.0	1.0	0.0	0.0	0.0	0.0	0.0	0.0	0.0	1.0	0.0	56.0	M0	0.00451505903649396
TCGA-34-5928-01A-11D-1817-08	1.0	0.0	1.0	0.0	0.0	0.0	0.0	0.0	0.0	1.0	0.0	0.0	0.0	0.0	0.0	1.0	0.0	0.0	0.0	40.0	M0	0.00375657455329752
TCGA-34-5929-01A-11D-1817-08	1.0	0.0	1.0	0.0	0.0	0.0	1.0	0.0	0.0	0.0	0.0	0.0	0.0	0.0	0.0	1.0	0.0	0.0	0.0	40.0	M0	0.00229714678560661
TCGA-34-8454-01A-11D-2323-08	1.0	0.0	1.0	0.0	0.0	0.0	0.0	0.0	0.0	0.0	0.0	1.0	0.0	0.0	1.0	0.0	0.0	0.0	0.0	90.0	M0	0.00705171379282667
TCGA-34-8455-01A-11D-2323-08	0.0	1.0	1.0	0.0	0.0	0.0	0.0	0.0	0.0	0.0	0.0	0.0	0.0	1.0	1.0	0.0	0.0	0.0	0.0	50.0	M1	0.0077102952199077
TCGA-34-8456-01A-21D-2323-08	1.0	0.0	1.0	0.0	0.0	0.0	0.0	0.0	1.0	0.0	0.0	0.0	0.0	0.0	0.0	0.0	1.0	0.0	0.0	20.0	M0	0.000729786185934217
TCGA-37-4129-01A-01D-1352-08	1.0	0.0	0.0	1.0	0.0	1.0	0.0	0.0	0.0	0.0	0.0	0.0	0.0	0.0	1.0	0.0	0.0	0.0	0.0	30.0	M0	2.28154232261008e-05
TCGA-37-4133-01A-01D-1352-08	0.0	1.0	1.0	0.0	0.0	0.0	0.0	0.0	0.0	0.0	0.0	1.0	0.0	0.0	1.0	0.0	0.0	0.0	0.0	40.0	M0	0.00440656003803776
TCGA-37-4135-01A-01D-1352-08	0.0	1.0	1.0	0.0	0.0	0.0	1.0	0.0	0.0	0.0	0.0	0.0	0.0	0.0	1.0	0.0	0.0	0.0	0.0	45.0	M0	0.00446886596209234
TCGA-37-5819-01A-01D-1632-08	0.0	1.0	1.0	0.0	0.0	0.0	0.0	0.0	0.0	0.0	0.0	1.0	0.0	0.0	1.0	0.0	0.0	0.0	0.0	45.0	M0	0.0135694259891783
TCGA-39-5011-01A-01D-1441-08	1.0	0.0	1.0	0.0	0.0	1.0	0.0	0.0	0.0	0.0	0.0	0.0	0.0	0.0	1.0	0.0	0.0	0.0	0.0	45.0	M0	0.0142213752099631
TCGA-39-5016-01A-01D-1441-08	0.0	1.0	0.0	1.0	0.0	0.0	0.0	0.0	1.0	0.0	0.0	0.0	0.0	0.0	1.0	0.0	0.0	0.0	0.0	40.0	M0	0.00619956129476604
TCGA-39-5019-01A-01D-1817-08	0.0	1.0	1.0	0.0	0.0	0.0	1.0	0.0	0.0	0.0	0.0	0.0	0.0	0.0	0.0	1.0	0.0	0.0	0.0	30.0	M0	0.0021938915520852893
TCGA-39-5021-01A-01D-1441-08	0.0	1.0	1.0	0.0	0.0	0.0	1.0	0.0	0.0	0.0	0.0	0.0	0.0	0.0	1.0	0.0	0.0	0.0	0.0	114.0	M0	0.00156460851917953
TCGA-39-5022-01A-21D-1817-08	0.0	1.0	1.0	0.0	0.0	0.0	1.0	0.0	0.0	0.0	0.0	0.0	0.0	0.0	1.0	0.0	0.0	0.0	0.0	35.0	M0	0.00437903466925154
TCGA-39-5024-01A-21D-1817-08	1.0	0.0	1.0	0.0	0.0	0.0	0.0	0.0	0.0	0.0	0.0	1.0	0.0	0.0	1.0	0.0	0.0	0.0	0.0	40.0	M0	0.00217902935825056
TCGA-39-5027-01A-21D-1817-08	0.0	1.0	1.0	0.0	0.0	0.0	1.0	0.0	0.0	0.0	0.0	0.0	0.0	0.0	1.0	0.0	0.0	0.0	0.0	40.0	M0	0.00576126806285203
TCGA-39-5028-01A-01D-1441-08	0.0	1.0	1.0	0.0	0.0	0.0	0.0	0.0	0.0	0.0	0.0	1.0	0.0	0.0	0.0	1.0	0.0	0.0	0.0	30.0	M0	0.0020791543097516602
TCGA-39-5029-01A-01D-1441-08	0.0	1.0	1.0	0.0	0.0	0.0	0.0	0.0	0.0	0.0	0.0	1.0	0.0	0.0	1.0	0.0	0.0	0.0	0.0	192.0	M0	0.0019049390974178301
TCGA-39-5030-01A-01D-1441-08	1.0	0.0	1.0	0.0	0.0	0.0	0.0	0.0	0.0	0.0	0.0	1.0	0.0	0.0	0.0	1.0	0.0	0.0	0.0	8.0	M0	0.00177977467572431
TCGA-39-5031-01A-01D-1441-08	1.0	0.0	1.0	0.0	0.0	1.0	0.0	0.0	0.0	0.0	0.0	0.0	0.0	0.0	1.0	0.0	0.0	0.0	0.0	60.0	M0	0.00591209553233241
TCGA-39-5034-01A-01D-1441-08	1.0	0.0	1.0	0.0	0.0	0.0	0.0	0.0	0.0	1.0	0.0	0.0	0.0	0.0	1.0	0.0	0.0	0.0	0.0	84.0	M0	0.0107222938326466
TCGA-39-5035-01A-01D-1441-08	1.0	0.0	1.0	0.0	0.0	1.0	0.0	0.0	0.0	0.0	0.0	0.0	0.0	0.0	1.0	0.0	0.0	0.0	0.0	47.0	M0	0.00274944812019308
TCGA-39-5036-01A-01D-1441-08	0.0	1.0	1.0	0.0	0.0	0.0	1.0	0.0	0.0	0.0	0.0	0.0	0.0	0.0	1.0	0.0	0.0	0.0	0.0	63.0	M0	0.00563879863157419
TCGA-39-5037-01A-01D-1441-08	0.0	1.0	1.0	0.0	0.0	0.0	0.0	0.0	1.0	0.0	0.0	0.0	0.0	0.0	0.0	0.0	0.0	1.0	0.0	26.0	M0	0.0035525579175130603
TCGA-39-5039-01A-01D-1441-08	0.0	1.0	1.0	0.0	0.0	0.0	0.0	0.0	1.0	0.0	0.0	0.0	0.0	0.0	0.0	1.0	0.0	0.0	0.0	64.0	M0	0.0024322475112478
TCGA-43-2576-01A-01D-1522-08	1.0	0.0	1.0	0.0	0.0	0.0	0.0	0.0	0.0	0.0	0.0	1.0	0.0	0.0	1.0	0.0	0.0	0.0	0.0	20.0	M0	0.009970295260566541
TCGA-43-2578-01A-01D-1522-08	1.0	0.0	0.0	1.0	0.0	1.0	0.0	0.0	0.0	0.0	0.0	0.0	0.0	0.0	1.0	0.0	0.0	0.0	0.0	64.0	M0	0.00559932916280505
TCGA-43-2581-01A-01D-1522-08	1.0	0.0	0.0	1.0	0.0	0.0	0.0	0.0	0.0	0.0	0.0	1.0	0.0	0.0	0.0	0.0	0.0	1.0	0.0	30.0	M0	0.0119939144977941
TCGA-43-3394-01A-01D-0983-08	0.0	1.0	0.0	1.0	0.0	0.0	1.0	0.0	0.0	0.0	0.0	0.0	0.0	0.0	0.0	0.0	0.0	1.0	0.0	15.0	M0	0.0014810519910854801
TCGA-43-3920-01A-01D-0983-08	0.0	1.0	1.0	0.0	0.0	0.0	1.0	0.0	0.0	0.0	0.0	0.0	0.0	0.0	1.0	0.0	0.0	0.0	0.0	50.0	M0	0.00566389259054909
TCGA-43-5668-01A-01D-1632-08	0.0	1.0	1.0	0.0	0.0	0.0	0.0	0.0	1.0	0.0	0.0	0.0	0.0	0.0	0.0	1.0	0.0	0.0	0.0	20.0	M0	0.0103918613970742
TCGA-43-6143-01A-11D-1817-08	0.0	1.0	1.0	0.0	0.0	0.0	1.0	0.0	0.0	0.0	0.0	0.0	0.0	0.0	1.0	0.0	0.0	0.0	0.0	114.0	M0	0.00573470902169982
TCGA-43-6647-01A-11D-1817-08	1.0	0.0	1.0	0.0	0.0	0.0	0.0	0.0	0.0	1.0	0.0	0.0	0.0	0.0	1.0	0.0	0.0	0.0	0.0	36.0	M1	0.0021190288765063
TCGA-43-6770-01A-11D-1817-08	1.0	0.0	0.0	1.0	0.0	0.0	1.0	0.0	0.0	0.0	0.0	0.0	0.0	0.0	0.0	0.0	0.0	1.0	0.0	34.0	M0	0.0048839573512235715
TCGA-43-6771-01A-11D-1817-08	0.0	1.0	1.0	0.0	0.0	0.0	1.0	0.0	0.0	0.0	0.0	0.0	0.0	0.0	0.0	1.0	0.0	0.0	0.0	40.0	M0	0.00306336651817259
TCGA-43-8115-01A-11D-2244-08	1.0	0.0	1.0	0.0	0.0	0.0	0.0	0.0	1.0	0.0	0.0	0.0	0.0	0.0	1.0	0.0	0.0	0.0	0.0	55.83	M1	0.0032278385932937802
TCGA-43-8116-01A-11D-2244-08	0.0	1.0	1.0	0.0	0.0	1.0	0.0	0.0	0.0	0.0	0.0	0.0	0.0	0.0	0.0	0.0	0.0	1.0	0.0	35.0	M0	0.00677108725849824
TCGA-43-8118-01A-11D-2395-08	1.0	0.0	0.0	1.0	0.0	1.0	0.0	0.0	0.0	0.0	0.0	0.0	0.0	0.0	0.0	0.0	0.0	1.0	0.0	20.0	M0	0.0117847762177109
TCGA-43-A474-01A-11D-A24D-08	0.0	1.0	1.0	0.0	0.0	0.0	0.0	0.0	1.0	0.0	0.0	0.0	0.0	0.0	1.0	0.0	0.0	0.0	0.0	47.0	M0	0.0076091858192869405
TCGA-43-A475-01A-11D-A24D-08	1.0	0.0	1.0	0.0	0.0	0.0	0.0	0.0	0.0	1.0	0.0	0.0	0.0	0.0	1.0	0.0	0.0	0.0	0.0	100.0	M0	0.00443925695385494
TCGA-43-A56U-01A-11D-A26M-08	1.0	0.0	1.0	0.0	0.0	1.0	0.0	0.0	0.0	0.0	0.0	0.0	0.0	0.0	1.0	0.0	0.0	0.0	0.0	20.5	M0	0.0027888331305593
TCGA-43-A56V-01A-11D-A26M-08	0.0	1.0	1.0	0.0	0.0	0.0	0.0	0.0	0.0	0.0	0.0	1.0	0.0	0.0	1.0	0.0	0.0	0.0	0.0	48.0	M0	0.00431288994488157
TCGA-51-4081-01A-01D-1458-08	0.0	1.0	0.0	1.0	0.0	0.0	0.0	0.0	0.0	1.0	0.0	0.0	0.0	0.0	0.0	0.0	0.0	1.0	0.0	80.0	M0	0.0041734405768002
TCGA-56-1622-01A-01D-1521-08	0.0	1.0	0.0	1.0	0.0	0.0	1.0	0.0	0.0	0.0	0.0	0.0	0.0	0.0	1.0	0.0	0.0	0.0	0.0	86.0	M0	0.00330492943177029
TCGA-56-7823-01B-11D-2244-08	1.0	0.0	0.0	1.0	0.0	0.0	0.0	0.0	1.0	0.0	0.0	0.0	0.0	0.0	1.0	0.0	0.0	0.0	0.0	80.0	M0	0.00491308545881801
TCGA-56-8083-01A-11D-2244-08	0.0	1.0	0.0	1.0	0.0	0.0	1.0	0.0	0.0	0.0	0.0	0.0	0.0	0.0	1.0	0.0	0.0	0.0	0.0	30.0	M0	0.0033758257831762602
TCGA-56-8304-01A-11D-2323-08	1.0	0.0	1.0	0.0	0.0	1.0	0.0	0.0	0.0	0.0	0.0	0.0	0.0	0.0	0.0	0.0	0.0	1.0	0.0	58.0	M0	0.00270610830166655
TCGA-56-8305-01A-11D-2293-08	0.0	1.0	1.0	0.0	0.0	0.0	1.0	0.0	0.0	0.0	0.0	0.0	0.0	0.0	0.0	1.0	0.0	0.0	0.0	100.0	M0	0.0067781726210268895
TCGA-56-8307-01A-11D-2293-08	1.0	0.0	0.0	1.0	0.0	0.0	0.0	0.0	0.0	1.0	0.0	0.0	0.0	0.0	0.0	0.0	0.0	1.0	0.0	35.0	M0	0.0058848030101602295
TCGA-56-8308-01A-11D-2293-08	0.0	1.0	1.0	0.0	0.0	0.0	0.0	0.0	0.0	1.0	0.0	0.0	0.0	0.0	0.0	1.0	0.0	0.0	0.0	63.0	M0	0.00529557772235886
TCGA-56-8309-01A-11D-2293-08	0.0	1.0	1.0	0.0	0.0	1.0	0.0	0.0	0.0	0.0	0.0	0.0	0.0	0.0	0.0	0.0	0.0	1.0	0.0	50.0	M0	0.00167395367499734
TCGA-56-8622-01A-11D-2395-08	0.0	1.0	1.0	0.0	0.0	0.0	1.0	0.0	0.0	0.0	0.0	0.0	0.0	0.0	0.0	1.0	0.0	0.0	0.0	40.0	M0	0.00450904735499945
TCGA-56-8624-01A-11D-2395-08	0.0	1.0	1.0	0.0	0.0	0.0	0.0	0.0	0.0	1.0	0.0	0.0	0.0	0.0	0.0	1.0	0.0	0.0	0.0	20.0	M0	0.00196088382666971
TCGA-56-8626-01A-11D-2395-08	0.0	1.0	0.0	1.0	0.0	1.0	0.0	0.0	0.0	0.0	0.0	0.0	0.0	0.0	0.0	0.0	0.0	1.0	0.0	50.0	M0	0.0033015461070676198
TCGA-56-8629-01A-11D-2395-08	0.0	1.0	1.0	0.0	0.0	0.0	0.0	0.0	1.0	0.0	0.0	0.0	0.0	0.0	1.0	0.0	0.0	0.0	0.0	66.0	M0	0.0025825679725735603
TCGA-56-A49D-01A-11D-A24D-08	0.0	1.0	1.0	0.0	0.0	0.0	0.0	0.0	0.0	0.0	0.0	1.0	0.0	0.0	1.0	0.0	0.0	0.0	0.0	53.0	M1	0.00515725600942175
TCGA-56-A4BW-01A-11D-A24D-08	0.0	1.0	0.0	1.0	0.0	0.0	0.0	0.0	1.0	0.0	0.0	0.0	0.0	0.0	1.0	0.0	0.0	0.0	0.0	120.0	M0	0.0027781499368175803
TCGA-56-A4BX-01A-11D-A24D-08	0.0	1.0	1.0	0.0	0.0	0.0	0.0	0.0	1.0	0.0	0.0	0.0	0.0	0.0	1.0	0.0	0.0	0.0	0.0	83.0	M0	0.00194018447225167
TCGA-56-A4BY-01A-11D-A24D-08	0.0	1.0	1.0	0.0	0.0	0.0	1.0	0.0	0.0	0.0	0.0	0.0	0.0	0.0	1.0	0.0	0.0	0.0	0.0	65.0	M0	0.00498646694153714
TCGA-56-A4ZJ-01A-11D-A25L-08	1.0	0.0	1.0	0.0	0.0	1.0	0.0	0.0	0.0	0.0	0.0	0.0	0.0	0.0	1.0	0.0	0.0	0.0	0.0	100.0	M0	0.0020191290311558
TCGA-56-A5DS-01A-11D-A27K-08	1.0	0.0	1.0	0.0	0.0	0.0	1.0	0.0	0.0	0.0	0.0	0.0	0.0	0.0	0.0	0.0	0.0	1.0	0.0	50.0	M0	0.0036050625383124094
TCGA-56-A62T-01A-11D-A401-08	0.0	1.0	1.0	0.0	0.0	0.0	0.0	0.0	1.0	0.0	0.0	0.0	0.0	0.0	0.0	0.0	0.0	1.0	0.0	102.0	M0	0.0101140184735721
TCGA-58-8386-01A-11D-2293-08	0.0	1.0	1.0	0.0	0.0	0.0	0.0	0.0	0.0	0.0	0.0	0.0	0.0	1.0	0.0	0.0	0.0	1.0	0.0	65.0	M1	0.00466176691969905
TCGA-58-8387-01A-11D-2293-08	0.0	1.0	1.0	0.0	0.0	0.0	0.0	0.0	1.0	0.0	0.0	0.0	0.0	0.0	1.0	0.0	0.0	0.0	0.0	40.0	M0	0.00118030344787357
TCGA-58-8388-01A-11D-2323-08	0.0	1.0	1.0	0.0	0.0	0.0	1.0	0.0	0.0	0.0	0.0	0.0	0.0	0.0	0.0	0.0	0.0	1.0	0.0	80.0	M0	0.0016215083772692699
TCGA-58-8390-01A-11D-2323-08	0.0	1.0	1.0	0.0	0.0	0.0	0.0	0.0	1.0	0.0	0.0	0.0	0.0	0.0	1.0	0.0	0.0	0.0	0.0	120.0	M0	0.00769117212006664
TCGA-58-8391-01A-11D-2323-08	1.0	0.0	0.0	1.0	0.0	0.0	0.0	0.0	0.0	0.0	0.0	1.0	0.0	0.0	0.0	0.0	0.0	1.0	0.0	30.0	M0	0.00436546431033833
TCGA-58-8392-01A-11D-2323-08	0.0	1.0	1.0	0.0	0.0	0.0	1.0	0.0	0.0	0.0	0.0	0.0	0.0	0.0	0.0	0.0	0.0	1.0	0.0	80.0	M0	0.00252495234760458
TCGA-58-8393-01A-11D-2323-08	1.0	0.0	1.0	0.0	0.0	0.0	1.0	0.0	0.0	0.0	0.0	0.0	0.0	0.0	0.0	0.0	0.0	1.0	0.0	7.0	M0	0.00310146219712967
TCGA-58-A46K-01A-11D-A24D-08	0.0	1.0	0.0	1.0	0.0	0.0	0.0	0.0	0.0	0.0	0.0	1.0	0.0	0.0	1.0	0.0	0.0	0.0	0.0	10.0	M0	0.00259320174059727
TCGA-58-A46N-01A-11D-A24D-08	0.0	1.0	0.0	1.0	0.0	0.0	1.0	0.0	0.0	0.0	0.0	0.0	0.0	0.0	0.0	0.0	0.0	1.0	0.0	50.0	M0	0.0046041666523228214
TCGA-60-2695-01A-01D-1522-08	1.0	0.0	1.0	0.0	0.0	0.0	1.0	0.0	0.0	0.0	0.0	0.0	0.0	0.0	0.0	1.0	0.0	0.0	0.0	64.0	M0	0.0034935514102103107
TCGA-60-2707-01A-01D-1522-08	0.0	1.0	1.0	0.0	0.0	0.0	1.0	0.0	0.0	0.0	0.0	0.0	0.0	0.0	0.0	1.0	0.0	0.0	0.0	49.0	M0	0.00148401860370204
TCGA-60-2708-01A-01D-1522-08	1.0	0.0	1.0	0.0	0.0	0.0	0.0	0.0	0.0	1.0	0.0	0.0	0.0	0.0	1.0	0.0	0.0	0.0	0.0	20.0	M0	0.00256509918277897
TCGA-60-2709-01A-21D-1817-08	0.0	1.0	1.0	0.0	0.0	0.0	1.0	0.0	0.0	0.0	0.0	0.0	0.0	0.0	0.0	0.0	0.0	1.0	0.0	157.5	M0	0.00441136115503995
TCGA-60-2710-01A-01D-1522-08	1.0	0.0	1.0	0.0	0.0	0.0	0.0	0.0	1.0	0.0	0.0	0.0	0.0	0.0	1.0	0.0	0.0	0.0	0.0	63.0	M0	0.00282657092134303
TCGA-60-2711-01A-01D-1522-08	1.0	0.0	1.0	0.0	0.0	0.0	1.0	0.0	0.0	0.0	0.0	0.0	0.0	0.0	1.0	0.0	0.0	0.0	0.0	39.0	M0	0.00210893823603644
TCGA-60-2712-01A-01D-1522-08	1.0	0.0	1.0	0.0	0.0	0.0	0.0	0.0	0.0	1.0	0.0	0.0	0.0	0.0	0.0	1.0	0.0	0.0	0.0	10.0	M0	0.00146460339624075
TCGA-60-2713-01A-01D-1522-08	0.0	1.0	1.0	0.0	0.0	0.0	1.0	0.0	0.0	0.0	0.0	0.0	0.0	0.0	0.0	0.0	0.0	1.0	0.0	110.0	M0	0.005369053484232
TCGA-60-2714-01A-01D-1522-08	1.0	0.0	1.0	0.0	0.0	0.0	0.0	0.0	0.0	1.0	0.0	0.0	0.0	0.0	1.0	0.0	0.0	0.0	0.0	90.0	M0	0.0144214606176924
TCGA-60-2715-01A-01D-1522-08	0.0	1.0	0.0	1.0	0.0	1.0	0.0	0.0	0.0	0.0	0.0	0.0	0.0	0.0	1.0	0.0	0.0	0.0	0.0	25.0	M0	0.0021960561814129602
TCGA-60-2719-01A-01D-1522-08	1.0	0.0	1.0	0.0	0.0	0.0	1.0	0.0	0.0	0.0	0.0	0.0	0.0	0.0	0.0	1.0	0.0	0.0	0.0	7.0	M0	0.0031429802811194607
TCGA-60-2720-01A-01D-1522-08	1.0	0.0	1.0	0.0	0.0	0.0	1.0	0.0	0.0	0.0	0.0	0.0	0.0	0.0	1.0	0.0	0.0	0.0	0.0	110.0	M0	0.00676370255586923
TCGA-60-2721-01A-01D-1522-08	0.0	1.0	1.0	0.0	0.0	0.0	1.0	0.0	0.0	0.0	0.0	0.0	0.0	0.0	1.0	0.0	0.0	0.0	0.0	93.0	M0	0.00360456230052285
TCGA-60-2722-01A-01D-1522-08	0.0	1.0	1.0	0.0	0.0	0.0	0.0	0.0	0.0	1.0	0.0	0.0	0.0	0.0	1.0	0.0	0.0	0.0	0.0	90.0	M0	0.00704227552172375
TCGA-60-2723-01A-01D-1522-08	1.0	0.0	1.0	0.0	0.0	0.0	1.0	0.0	0.0	0.0	0.0	0.0	0.0	0.0	1.0	0.0	0.0	0.0	0.0	58.0	M0	0.0061601947838524
TCGA-60-2724-01A-01D-1522-08	0.0	1.0	0.0	1.0	0.0	0.0	0.0	0.0	0.0	0.0	0.0	1.0	0.0	0.0	1.0	0.0	0.0	0.0	0.0	60.0	M0	0.00477371235537616
TCGA-60-2725-01A-01D-1267-08	0.0	1.0	1.0	0.0	0.0	0.0	1.0	0.0	0.0	0.0	0.0	0.0	0.0	0.0	0.0	1.0	0.0	0.0	0.0	56.0	M0	0.00175961415643687
TCGA-60-2726-01A-01D-1522-08	0.0	1.0	0.0	1.0	0.0	0.0	0.0	0.0	1.0	0.0	0.0	0.0	0.0	0.0	1.0	0.0	0.0	0.0	0.0	42.0	M0	0.00502593548052205
TCGA-63-5131-01A-01D-1441-08	0.0	1.0	0.0	0.0	0.0	0.0	0.0	0.0	0.0	1.0	0.0	0.0	0.0	0.0	1.0	0.0	0.0	0.0	0.0	50.0	M0	0.00357111109274335
TCGA-63-6202-01A-11D-1817-08	0.0	1.0	0.0	0.0	0.0	0.0	0.0	0.0	1.0	0.0	0.0	0.0	0.0	0.0	1.0	0.0	0.0	0.0	0.0	35.0	M0	0.00969718846748544
TCGA-63-7020-01A-11D-1945-08	0.0	1.0	0.0	0.0	0.0	1.0	0.0	0.0	0.0	0.0	0.0	0.0	0.0	0.0	1.0	0.0	0.0	0.0	0.0	50.0	M0	0.00286278809881802
TCGA-63-7021-01A-11D-1945-08	0.0	1.0	0.0	0.0	0.0	1.0	0.0	0.0	0.0	0.0	0.0	0.0	0.0	0.0	1.0	0.0	0.0	0.0	0.0	21.0	M0	0.00654600380228006
TCGA-63-7022-01A-11D-1945-08	1.0	0.0	0.0	0.0	0.0	1.0	0.0	0.0	0.0	0.0	0.0	0.0	0.0	0.0	1.0	0.0	0.0	0.0	0.0	30.0	M0	0.00265769763325988
TCGA-63-7023-01A-11D-1945-08	0.0	1.0	0.0	0.0	0.0	0.0	0.0	0.0	1.0	0.0	0.0	0.0	0.0	0.0	1.0	0.0	0.0	0.0	0.0	55.0	M0	0.00264894377381452
TCGA-63-A5MB-01A-11D-A26M-08	0.0	1.0	1.0	0.0	0.0	0.0	1.0	0.0	0.0	0.0	0.0	0.0	0.0	0.0	0.0	1.0	0.0	0.0	0.0	25.0	M0	0.00510392588066845
TCGA-63-A5MH-01A-12D-A27K-08	0.0	1.0	1.0	0.0	0.0	1.0	0.0	0.0	0.0	0.0	0.0	0.0	0.0	0.0	0.0	0.0	1.0	0.0	0.0	35.0	M0	0.00329697280750361
TCGA-63-A5MI-01A-12D-A27K-08	0.0	1.0	1.0	0.0	0.0	0.0	0.0	0.0	0.0	0.0	0.0	1.0	0.0	0.0	1.0	0.0	0.0	0.0	0.0	50.0	M0	0.0032173256153207107
TCGA-63-A5ML-01A-31D-A27K-08	0.0	1.0	1.0	0.0	0.0	0.0	1.0	0.0	0.0	0.0	0.0	0.0	0.0	0.0	1.0	0.0	0.0	0.0	0.0	60.0	M0	0.00476279658542082
TCGA-63-A5MM-01A-11D-A26M-08	1.0	0.0	1.0	0.0	0.0	0.0	0.0	0.0	0.0	1.0	0.0	0.0	0.0	0.0	0.0	1.0	0.0	0.0	0.0	30.0	M0	0.007592026234785921
TCGA-63-A5MP-01A-11D-A26M-08	0.0	1.0	0.0	1.0	0.0	0.0	0.0	0.0	0.0	1.0	0.0	0.0	0.0	0.0	1.0	0.0	0.0	0.0	0.0	41.0	M0	0.00224650138947651
TCGA-63-A5MR-01A-31D-A27K-08	1.0	0.0	1.0	0.0	0.0	0.0	1.0	0.0	0.0	0.0	0.0	0.0	0.0	0.0	1.0	0.0	0.0	0.0	0.0	120.0	M0	0.0016852137351128901
TCGA-63-A5MS-01A-11D-A26M-08	0.0	1.0	1.0	0.0	0.0	0.0	1.0	0.0	0.0	0.0	0.0	0.0	0.0	0.0	0.0	1.0	0.0	0.0	0.0	6.0	M0	0.00577112201348746
TCGA-63-A5MT-01A-21D-A26M-08	0.0	1.0	1.0	0.0	0.0	0.0	0.0	0.0	0.0	1.0	0.0	0.0	0.0	0.0	1.0	0.0	0.0	0.0	0.0	100.0	M0	0.0031359920370937107
TCGA-63-A5MU-01A-11D-A26M-08	0.0	1.0	0.0	1.0	0.0	0.0	0.0	0.0	0.0	1.0	0.0	0.0	0.0	0.0	1.0	0.0	0.0	0.0	0.0	15.0	M0	0.0024769073695194107
TCGA-63-A5MV-01A-21D-A26M-08	0.0	1.0	1.0	0.0	0.0	0.0	0.0	0.0	1.0	0.0	0.0	0.0	0.0	0.0	1.0	0.0	0.0	0.0	0.0	50.0	M0	0.00147752225367305
TCGA-63-A5MW-01A-11D-A26M-08	0.0	1.0	1.0	0.0	0.0	0.0	1.0	0.0	0.0	0.0	0.0	0.0	0.0	0.0	1.0	0.0	0.0	0.0	0.0	60.0	M0	0.00809204654937148
TCGA-63-A5MY-01A-11D-A26M-08	0.0	1.0	1.0	0.0	0.0	1.0	0.0	0.0	0.0	0.0	0.0	0.0	0.0	0.0	1.0	0.0	0.0	0.0	0.0	40.0	M0	0.00329167853010371
TCGA-66-2727-01A-01D-0983-08	1.0	0.0	0.0	1.0	0.0	0.0	1.0	0.0	0.0	0.0	0.0	0.0	0.0	0.0	1.0	0.0	0.0	0.0	0.0	56.0	M0	0.00182706976264328
TCGA-66-2734-01A-01D-0983-08	1.0	0.0	1.0	0.0	0.0	0.0	1.0	0.0	0.0	0.0	0.0	0.0	0.0	0.0	1.0	0.0	0.0	0.0	0.0	40.0	M0	0.0024995424312610893
TCGA-66-2742-01A-01D-0983-08	0.0	1.0	1.0	0.0	0.0	0.0	0.0	0.0	0.0	0.0	0.0	0.0	0.0	1.0	0.0	1.0	0.0	0.0	0.0	44.0	M1	0.00277015200157316
TCGA-66-2744-01A-01D-0983-08	0.0	1.0	1.0	0.0	0.0	0.0	0.0	0.0	0.0	1.0	0.0	0.0	0.0	0.0	1.0	0.0	0.0	0.0	0.0	63.0	M0	0.00280230577704846
TCGA-66-2754-01A-01D-0983-08	0.0	1.0	1.0	0.0	0.0	0.0	0.0	0.0	0.0	0.0	0.0	1.0	0.0	0.0	1.0	0.0	0.0	0.0	0.0	40.0	M0	0.00443951047330501
TCGA-66-2755-01A-01D-1522-08	0.0	1.0	1.0	0.0	0.0	0.0	1.0	0.0	0.0	0.0	0.0	0.0	0.0	0.0	0.0	1.0	0.0	0.0	0.0	20.0	M0	0.00468769111026673
TCGA-66-2757-01A-01D-1522-08	1.0	0.0	1.0	0.0	0.0	1.0	0.0	0.0	0.0	0.0	0.0	0.0	0.0	0.0	1.0	0.0	0.0	0.0	0.0	72.0	M0	0.00563451716706502
TCGA-66-2758-01A-02D-1522-08	0.0	1.0	1.0	0.0	0.0	0.0	1.0	0.0	0.0	0.0	0.0	0.0	0.0	0.0	1.0	0.0	0.0	0.0	0.0	56.0	M0	0.0031653001186705896
TCGA-66-2759-01A-01D-1522-08	0.0	1.0	1.0	0.0	0.0	0.0	0.0	0.0	0.0	0.0	0.0	1.0	0.0	0.0	0.0	1.0	0.0	0.0	0.0	16.0	M0	0.009091305517259741
TCGA-66-2763-01A-01D-1522-08	1.0	0.0	1.0	0.0	0.0	0.0	1.0	0.0	0.0	0.0	0.0	0.0	0.0	0.0	1.0	0.0	0.0	0.0	0.0	40.0	M0	0.00659516633361476
TCGA-66-2765-01A-01D-1522-08	0.0	1.0	1.0	0.0	0.0	0.0	1.0	0.0	0.0	0.0	0.0	0.0	0.0	0.0	1.0	0.0	0.0	0.0	0.0	108.0	M0	0.00223457050973954
TCGA-66-2766-01A-01D-1522-08	0.0	1.0	0.0	1.0	0.0	0.0	0.0	0.0	0.0	0.0	0.0	1.0	0.0	0.0	1.0	0.0	0.0	0.0	0.0	80.0	M0	0.0076576598066522596
TCGA-66-2767-01A-01D-1522-08	0.0	1.0	1.0	0.0	0.0	0.0	0.0	0.0	0.0	0.0	0.0	0.0	1.0	0.0	1.0	0.0	0.0	0.0	0.0	43.0	M0	0.00550918989680907
TCGA-66-2769-01A-02D-1522-08	0.0	1.0	1.0	0.0	0.0	0.0	0.0	0.0	0.0	0.0	0.0	0.0	1.0	0.0	0.0	1.0	0.0	0.0	0.0	33.0	M0	0.00461222781975434
TCGA-66-2770-01A-01D-1522-08	0.0	1.0	1.0	0.0	0.0	0.0	1.0	0.0	0.0	0.0	0.0	0.0	0.0	0.0	0.0	1.0	0.0	0.0	0.0	25.0	M0	0.00408811814652289
TCGA-66-2771-01A-01D-0983-08	0.0	1.0	1.0	0.0	0.0	0.0	0.0	0.0	0.0	1.0	0.0	0.0	0.0	0.0	1.0	0.0	0.0	0.0	0.0	70.0	M0	0.0037262729085362
TCGA-66-2773-01A-01D-1267-08	0.0	1.0	1.0	0.0	0.0	0.0	1.0	0.0	0.0	0.0	0.0	0.0	0.0	0.0	0.0	1.0	0.0	0.0	0.0	58.0	M0	0.00827960839054442
TCGA-66-2777-01A-01D-1267-08	0.0	1.0	1.0	0.0	0.0	0.0	1.0	0.0	0.0	0.0	0.0	0.0	0.0	0.0	1.0	0.0	0.0	0.0	0.0	12.0	M0	0.00229707171533638
TCGA-66-2778-01A-02D-1522-08	1.0	0.0	1.0	0.0	0.0	0.0	0.0	0.0	0.0	0.0	0.0	0.0	1.0	0.0	1.0	0.0	0.0	0.0	0.0	37.0	M0	0.00197543013818839
TCGA-66-2780-01A-01D-1522-08	0.0	1.0	1.0	0.0	0.0	0.0	1.0	0.0	0.0	0.0	0.0	0.0	0.0	0.0	0.0	1.0	0.0	0.0	0.0	28.0	M0	0.00213516979630839
TCGA-66-2781-01A-01D-1522-08	0.0	1.0	1.0	0.0	0.0	0.0	1.0	0.0	0.0	0.0	0.0	0.0	0.0	0.0	1.0	0.0	0.0	0.0	0.0	80.0	M0	0.0025186536477307397
TCGA-66-2782-01A-01D-1522-08	0.0	1.0	1.0	0.0	0.0	0.0	0.0	0.0	0.0	1.0	0.0	0.0	0.0	0.0	1.0	0.0	0.0	0.0	0.0	50.0	M0	0.007790114582210009
TCGA-66-2783-01A-01D-1267-08	0.0	1.0	1.0	0.0	0.0	0.0	0.0	0.0	0.0	0.0	0.0	0.0	1.0	0.0	1.0	0.0	0.0	0.0	0.0	65.0	M0	0.00503386618279066
TCGA-66-2785-01A-01D-1522-08	0.0	1.0	1.0	0.0	0.0	0.0	1.0	0.0	0.0	0.0	0.0	0.0	0.0	0.0	1.0	0.0	0.0	0.0	0.0	70.0	M0	0.0112290135742829
TCGA-66-2786-01A-01D-1522-08	1.0	0.0	1.0	0.0	0.0	1.0	0.0	0.0	0.0	0.0	0.0	0.0	0.0	0.0	1.0	0.0	0.0	0.0	0.0	74.0	M0	0.00225657633089772
TCGA-66-2787-01A-01D-0983-08	0.0	1.0	0.0	1.0	0.0	1.0	0.0	0.0	0.0	0.0	0.0	0.0	0.0	0.0	1.0	0.0	0.0	0.0	0.0	40.0	M0	0.00804074585341745
TCGA-66-2788-01A-01D-0983-08	0.0	1.0	0.0	1.0	0.0	0.0	1.0	0.0	0.0	0.0	0.0	0.0	0.0	0.0	1.0	0.0	0.0	0.0	0.0	80.0	M0	0.0021972803597814
TCGA-66-2789-01A-01D-0983-08	0.0	1.0	1.0	0.0	0.0	0.0	0.0	0.0	0.0	0.0	0.0	0.0	1.0	0.0	1.0	0.0	0.0	0.0	0.0	40.0	M0	0.00333920569063437
TCGA-66-2791-01A-01D-0983-08	0.0	1.0	1.0	0.0	0.0	0.0	0.0	0.0	0.0	0.0	0.0	0.0	1.0	0.0	1.0	0.0	0.0	0.0	0.0	25.0	M0	0.00829701044691683
TCGA-66-2792-01A-01D-0983-08	0.0	1.0	0.0	1.0	0.0	0.0	0.0	0.0	0.0	1.0	0.0	0.0	0.0	0.0	1.0	0.0	0.0	0.0	0.0	10.0	M0	0.00131589395139485
TCGA-66-2793-01A-01D-1267-08	0.0	1.0	1.0	0.0	0.0	0.0	0.0	0.0	0.0	0.0	0.0	0.0	1.0	0.0	1.0	0.0	0.0	0.0	0.0	112.0	M0	0.00497214456469327
TCGA-66-2794-01A-01D-1267-08	0.0	1.0	1.0	0.0	0.0	0.0	0.0	0.0	0.0	0.0	0.0	0.0	1.0	0.0	1.0	0.0	0.0	0.0	0.0	100.0	M0	0.0018530381235820602
TCGA-66-2795-01A-02D-0983-08	0.0	1.0	1.0	0.0	0.0	0.0	0.0	0.0	0.0	0.0	0.0	0.0	1.0	0.0	1.0	0.0	0.0	0.0	0.0	86.0	M0	0.00579848397918783
TCGA-66-2800-01A-01D-1267-08	0.0	1.0	1.0	0.0	0.0	0.0	0.0	0.0	0.0	0.0	0.0	0.0	1.0	0.0	1.0	0.0	0.0	0.0	0.0	75.0	M0	0.00237620295936064
TCGA-68-7757-01B-11D-2293-08	0.0	1.0	1.0	0.0	0.0	1.0	0.0	0.0	0.0	0.0	0.0	0.0	0.0	0.0	1.0	0.0	0.0	0.0	0.0	25.0	M0	0.00399708884401893
TCGA-68-8250-01A-11D-2293-08	0.0	1.0	1.0	0.0	0.0	1.0	0.0	0.0	0.0	0.0	0.0	0.0	0.0	0.0	1.0	0.0	0.0	0.0	0.0	50.0	M0	0.004788286731343221
TCGA-68-8251-01A-11D-2293-08	0.0	1.0	1.0	0.0	0.0	0.0	1.0	0.0	0.0	0.0	0.0	0.0	0.0	0.0	0.0	1.0	0.0	0.0	0.0	52.0	M0	0.00229085535279353
TCGA-68-A59J-01A-21D-A26M-08	1.0	0.0	1.0	0.0	0.0	0.0	1.0	0.0	0.0	0.0	0.0	0.0	0.0	0.0	1.0	0.0	0.0	0.0	0.0	45.0	M0	0.00751859584544087
TCGA-6A-AB49-01A-12D-A401-08	1.0	0.0	1.0	0.0	0.0	0.0	1.0	0.0	0.0	0.0	0.0	0.0	0.0	0.0	0.0	1.0	0.0	0.0	0.0	50.0	M0	0.0070442368712756
TCGA-77-6842-01A-11D-1945-08	0.0	1.0	1.0	0.0	0.0	0.0	0.0	0.0	0.0	1.0	0.0	0.0	0.0	0.0	1.0	0.0	0.0	0.0	0.0	22.5	M0	0.008586955502924041
TCGA-77-6843-01A-11D-1945-08	0.0	1.0	1.0	0.0	0.0	0.0	0.0	0.0	1.0	0.0	0.0	0.0	0.0	0.0	0.0	0.0	0.0	1.0	0.0	30.0	M0	0.0024996800861285693
TCGA-77-6844-01A-11D-1945-08	0.0	1.0	1.0	0.0	0.0	0.0	0.0	0.0	0.0	0.0	0.0	1.0	0.0	0.0	1.0	0.0	0.0	0.0	0.0	45.0	M0	0.0024638855994117
TCGA-77-6845-01A-11D-1945-08	0.0	1.0	1.0	0.0	0.0	0.0	0.0	0.0	0.0	1.0	0.0	0.0	0.0	0.0	1.0	0.0	0.0	0.0	0.0	51.0	M0	0.0033497211730809
TCGA-77-8128-01A-11D-2244-08	0.0	1.0	1.0	0.0	0.0	0.0	0.0	0.0	0.0	0.0	0.0	1.0	0.0	0.0	0.0	0.0	0.0	1.0	0.0	113.0	M0	0.00521625453696565
TCGA-77-8130-01A-11D-2244-08	0.0	1.0	1.0	0.0	0.0	0.0	0.0	0.0	0.0	1.0	0.0	0.0	0.0	0.0	1.0	0.0	0.0	0.0	0.0	32.25	M0	0.00236535796620785
TCGA-77-8131-01A-11D-2244-08	0.0	1.0	1.0	0.0	0.0	0.0	1.0	0.0	0.0	0.0	0.0	0.0	0.0	0.0	1.0	0.0	0.0	0.0	0.0	69.0	M0	0.000784233759765418
TCGA-77-8133-01A-12D-2244-08	0.0	1.0	1.0	0.0	0.0	0.0	0.0	0.0	1.0	0.0	0.0	0.0	0.0	0.0	0.0	0.0	0.0	1.0	0.0	22.0	M0	0.00600896930059103
TCGA-77-8136-01A-11D-2244-08	1.0	0.0	1.0	0.0	0.0	0.0	0.0	0.0	0.0	1.0	0.0	0.0	0.0	0.0	0.0	0.0	0.0	1.0	0.0	135.0	M0	0.005316745060963911
TCGA-77-8138-01A-11D-2244-08	0.0	1.0	1.0	0.0	0.0	0.0	1.0	0.0	0.0	0.0	0.0	0.0	0.0	0.0	1.0	0.0	0.0	0.0	0.0	54.0	M0	0.0019688484465029197
TCGA-77-8139-01A-11D-2244-08	0.0	1.0	1.0	0.0	0.0	0.0	0.0	0.0	0.0	1.0	0.0	0.0	0.0	0.0	0.0	0.0	0.0	1.0	0.0	52.0	M0	0.00326686052647713
TCGA-77-8140-01A-11D-2244-08	1.0	0.0	1.0	0.0	0.0	0.0	0.0	0.0	0.0	1.0	0.0	0.0	0.0	0.0	1.0	0.0	0.0	0.0	0.0	78.0	M0	0.00534001666708576
TCGA-77-8143-01A-11D-2244-08	0.0	1.0	1.0	0.0	0.0	0.0	0.0	0.0	0.0	0.0	0.0	1.0	0.0	0.0	1.0	0.0	0.0	0.0	0.0	30.0	M0	0.00291298451990374
TCGA-77-8144-01A-11D-2244-08	0.0	1.0	1.0	0.0	0.0	0.0	1.0	0.0	0.0	0.0	0.0	0.0	0.0	0.0	0.0	0.0	0.0	1.0	0.0	59.0	M0	0.0055792784990156
TCGA-77-8145-01A-11D-2244-08	0.0	1.0	1.0	0.0	0.0	0.0	0.0	0.0	0.0	0.0	0.0	0.0	1.0	0.0	0.0	0.0	0.0	1.0	0.0	57.0	M0	0.0016273587223582804
TCGA-77-8148-01A-11D-2244-08	0.0	1.0	1.0	0.0	0.0	0.0	0.0	0.0	0.0	0.0	0.0	1.0	0.0	0.0	1.0	0.0	0.0	0.0	0.0	60.0	M0	0.00342389052799855
TCGA-77-8150-01A-11D-2244-08	0.0	1.0	1.0	0.0	0.0	0.0	0.0	0.0	0.0	0.0	0.0	1.0	0.0	0.0	0.0	0.0	0.0	1.0	0.0	46.0	M0	0.00198958113918605
TCGA-77-8153-01A-11D-2395-08	1.0	0.0	1.0	0.0	0.0	0.0	1.0	0.0	0.0	0.0	0.0	0.0	0.0	0.0	0.0	1.0	0.0	0.0	0.0	25.0	M0	0.00233164912115617
TCGA-77-8154-01A-11D-2244-08	0.0	1.0	1.0	0.0	0.0	1.0	0.0	0.0	0.0	0.0	0.0	0.0	0.0	0.0	1.0	0.0	0.0	0.0	0.0	40.0	M0	0.00449608225433544
TCGA-77-8156-01A-11D-2244-08	0.0	1.0	1.0	0.0	0.0	0.0	1.0	0.0	0.0	0.0	0.0	0.0	0.0	0.0	0.0	0.0	0.0	1.0	0.0	57.5	M0	0.00224594690225154
TCGA-77-A5FZ-01A-31D-A27K-08	0.0	1.0	1.0	0.0	0.0	0.0	0.0	0.0	0.0	0.0	0.0	0.0	1.0	0.0	1.0	0.0	0.0	0.0	0.0	141.0	M0	0.0
TCGA-77-A5G1-01A-11D-A27K-08	0.0	1.0	1.0	0.0	0.0	0.0	0.0	0.0	0.0	0.0	0.0	1.0	0.0	0.0	1.0	0.0	0.0	0.0	0.0	53.0	M0	0.0018698022003973802
TCGA-77-A5G3-01A-31D-A27K-08	0.0	1.0	1.0	0.0	0.0	0.0	0.0	0.0	0.0	1.0	0.0	0.0	0.0	0.0	1.0	0.0	0.0	0.0	0.0	40.0	M0	0.0102509319716354
TCGA-77-A5G6-01A-11D-A27K-08	0.0	1.0	1.0	0.0	0.0	0.0	0.0	0.0	0.0	0.0	0.0	1.0	0.0	0.0	0.0	0.0	0.0	1.0	0.0	74.0	M0	0.007299394749449
TCGA-77-A5G7-01B-11D-A27K-08	0.0	1.0	1.0	0.0	0.0	1.0	0.0	0.0	0.0	0.0	0.0	0.0	0.0	0.0	0.0	0.0	0.0	1.0	0.0	69.0	M0	0.000690715818344686
TCGA-77-A5G8-01B-11D-A27K-08	0.0	1.0	1.0	0.0	0.0	0.0	0.0	0.0	0.0	1.0	0.0	0.0	0.0	0.0	1.0	0.0	0.0	0.0	0.0	90.0	M0	0.004036355100582079
TCGA-77-A5GA-01A-11D-A27K-08	0.0	1.0	1.0	0.0	0.0	0.0	1.0	0.0	0.0	0.0	0.0	0.0	0.0	0.0	0.0	1.0	0.0	0.0	0.0	99.0	M0	0.0015134568155750002
TCGA-77-A5GB-01B-11D-A27K-08	0.0	1.0	1.0	0.0	0.0	0.0	1.0	0.0	0.0	0.0	0.0	0.0	0.0	0.0	0.0	0.0	0.0	1.0	0.0	52.0	M0	0.00159454343798861
TCGA-77-A5GF-01A-21D-A27K-08	0.0	1.0	1.0	0.0	0.0	0.0	0.0	0.0	1.0	0.0	0.0	0.0	0.0	0.0	1.0	0.0	0.0	0.0	0.0	60.0	M0	0.00162444937466303
TCGA-77-A5GH-01A-11D-A27K-08	0.0	1.0	1.0	0.0	0.0	0.0	1.0	0.0	0.0	0.0	0.0	0.0	0.0	0.0	0.0	1.0	0.0	0.0	0.0	11.0	M0	0.00377552034394019
TCGA-79-5596-01A-31D-1945-08	0.0	1.0	0.0	0.0	0.0	0.0	0.0	0.0	0.0	0.0	0.0	1.0	0.0	0.0	1.0	0.0	0.0	0.0	0.0	40.0	M0	0.00301423963747349
TCGA-85-6560-01A-11D-1817-08	0.0	1.0	0.0	1.0	0.0	0.0	0.0	0.0	1.0	0.0	0.0	0.0	0.0	0.0	1.0	0.0	0.0	0.0	0.0	40.0	M0	0.0064695389045773604
TCGA-85-6561-01A-11D-1817-08	0.0	1.0	1.0	0.0	0.0	0.0	1.0	0.0	0.0	0.0	0.0	0.0	0.0	0.0	1.0	0.0	0.0	0.0	0.0	35.0	M0	0.00566870603672736
TCGA-85-6798-01A-11D-1945-08	0.0	1.0	0.0	1.0	0.0	0.0	0.0	0.0	0.0	0.0	0.0	1.0	0.0	0.0	0.0	0.0	0.0	1.0	0.0	35.0	M0	0.00475452523639275
TCGA-85-8048-01A-11D-2244-08	0.0	1.0	1.0	0.0	0.0	1.0	0.0	0.0	0.0	0.0	0.0	0.0	0.0	0.0	0.0	0.0	0.0	1.0	0.0	50.0	M0	0.0025397894789643107
TCGA-85-8052-01A-11D-2244-08	0.0	1.0	0.0	1.0	0.0	0.0	0.0	0.0	0.0	1.0	0.0	0.0	0.0	0.0	0.0	0.0	0.0	1.0	0.0	40.0	M0	0.0032722926865608
TCGA-85-8070-01A-11D-2244-08	0.0	1.0	1.0	0.0	0.0	0.0	1.0	0.0	0.0	0.0	0.0	0.0	0.0	0.0	0.0	0.0	0.0	1.0	0.0	50.0	M0	0.00429822480735053
TCGA-85-8071-01A-11D-2244-08	0.0	1.0	0.0	1.0	0.0	0.0	0.0	0.0	1.0	0.0	0.0	0.0	0.0	0.0	0.0	0.0	0.0	1.0	0.0	30.0	M0	0.0068196127726565785
TCGA-85-8072-01A-31D-2244-08	0.0	1.0	1.0	0.0	0.0	1.0	0.0	0.0	0.0	0.0	0.0	0.0	0.0	0.0	0.0	0.0	0.0	1.0	0.0	15.0	M0	0.00357719689897376
TCGA-85-8276-01A-11D-2293-08	0.0	1.0	1.0	0.0	0.0	0.0	0.0	0.0	1.0	0.0	0.0	0.0	0.0	0.0	0.0	0.0	0.0	1.0	0.0	20.0	M0	0.004440127107223021
TCGA-85-8287-01A-11D-2293-08	0.0	1.0	1.0	0.0	0.0	1.0	0.0	0.0	0.0	0.0	0.0	0.0	0.0	0.0	0.0	0.0	0.0	1.0	0.0	50.0	M0	0.00385902248679321
TCGA-85-8288-01A-11D-2293-08	0.0	1.0	1.0	0.0	0.0	0.0	0.0	0.0	1.0	0.0	0.0	0.0	0.0	0.0	0.0	0.0	0.0	1.0	0.0	50.0	M0	0.00440237669006952
TCGA-85-8350-01A-11D-2293-08	0.0	1.0	1.0	0.0	0.0	1.0	0.0	0.0	0.0	0.0	0.0	0.0	0.0	0.0	0.0	0.0	0.0	1.0	0.0	40.0	M0	0.00531329327055259
TCGA-85-8351-01A-11D-2293-08	0.0	1.0	1.0	0.0	0.0	0.0	0.0	0.0	1.0	0.0	0.0	0.0	0.0	0.0	0.0	0.0	0.0	1.0	0.0	60.0	M0	0.00122204434314118
TCGA-85-8352-01A-31D-2323-08	0.0	1.0	1.0	0.0	0.0	0.0	0.0	0.0	0.0	0.0	0.0	1.0	0.0	0.0	0.0	0.0	0.0	1.0	0.0	50.0	M0	0.0043245816714326795
TCGA-85-8353-01A-21D-2293-08	0.0	1.0	1.0	0.0	0.0	0.0	0.0	0.0	0.0	0.0	0.0	1.0	0.0	0.0	0.0	0.0	0.0	1.0	0.0	50.0	M0	0.00191201694658871
TCGA-85-8354-01A-31D-2323-08	0.0	1.0	0.0	1.0	0.0	0.0	1.0	0.0	0.0	0.0	0.0	0.0	0.0	0.0	0.0	0.0	0.0	1.0	0.0	30.0	M0	0.0031309060876209198
TCGA-85-8479-01A-11D-2323-08	0.0	1.0	1.0	0.0	0.0	1.0	0.0	0.0	0.0	0.0	0.0	0.0	0.0	0.0	1.0	0.0	0.0	0.0	0.0	90.0	M0	0.000752857356008663
TCGA-85-8481-01A-11D-2323-08	0.0	1.0	1.0	0.0	0.0	0.0	0.0	0.0	0.0	1.0	0.0	0.0	0.0	0.0	1.0	0.0	0.0	0.0	0.0	80.0	M0	0.00334343820415185
TCGA-85-8580-01A-31D-2395-08	1.0	0.0	0.0	1.0	0.0	0.0	1.0	0.0	0.0	0.0	0.0	0.0	0.0	0.0	1.0	0.0	0.0	0.0	0.0	38.0	M0	0.00347042618901455
TCGA-85-8582-01A-21D-2395-08	0.0	1.0	0.0	1.0	0.0	1.0	0.0	0.0	0.0	0.0	0.0	0.0	0.0	0.0	0.0	0.0	0.0	1.0	0.0	40.0	M0	0.00595327236878368
TCGA-85-8584-01A-11D-2395-08	0.0	1.0	1.0	0.0	0.0	0.0	0.0	0.0	1.0	0.0	0.0	0.0	0.0	0.0	0.0	0.0	0.0	1.0	0.0	50.0	M0	0.00428062891325481
TCGA-85-8664-01A-11D-2395-08	0.0	1.0	1.0	0.0	0.0	0.0	0.0	0.0	0.0	1.0	0.0	0.0	0.0	0.0	0.0	0.0	0.0	1.0	0.0	60.0	M0	0.00325683668191622
TCGA-85-8666-01A-11D-2395-08	0.0	1.0	1.0	0.0	0.0	0.0	1.0	0.0	0.0	0.0	0.0	0.0	0.0	0.0	0.0	0.0	0.0	1.0	0.0	55.0	M0	0.00423720252361058
TCGA-85-A4CL-01A-41D-A26M-08	0.0	1.0	1.0	0.0	0.0	1.0	0.0	0.0	0.0	0.0	0.0	0.0	0.0	0.0	0.0	0.0	0.0	1.0	0.0	40.0	M0	0.0070590775747466205
TCGA-85-A4JB-01A-51D-A25L-08	0.0	1.0	1.0	0.0	0.0	0.0	0.0	0.0	0.0	1.0	0.0	0.0	0.0	0.0	0.0	0.0	0.0	1.0	0.0	25.0	M0	0.0103732385092744
TCGA-85-A4JC-01A-11D-A257-08	0.0	1.0	1.0	0.0	0.0	0.0	0.0	0.0	1.0	0.0	0.0	0.0	0.0	0.0	0.0	0.0	0.0	1.0	0.0	25.0	M0	0.0050229633326107
TCGA-85-A4PA-01A-11D-A257-08	0.0	1.0	1.0	0.0	0.0	0.0	1.0	0.0	0.0	0.0	0.0	0.0	0.0	0.0	1.0	0.0	0.0	0.0	0.0	40.0	M0	0.0
TCGA-85-A4QQ-01A-41D-A25L-08	0.0	1.0	1.0	0.0	0.0	0.0	1.0	0.0	0.0	0.0	0.0	0.0	0.0	0.0	0.0	0.0	0.0	1.0	0.0	50.0	M0	0.00460365110332566
TCGA-85-A4QR-01A-11D-A257-08	0.0	1.0	1.0	0.0	0.0	0.0	1.0	0.0	0.0	0.0	0.0	0.0	0.0	0.0	1.0	0.0	0.0	0.0	0.0	50.0	M0	0.0032417836667947607
TCGA-85-A50M-01A-21D-A25L-08	0.0	1.0	0.0	1.0	0.0	0.0	0.0	0.0	1.0	0.0	0.0	0.0	0.0	0.0	1.0	0.0	0.0	0.0	0.0	15.0	M0	0.00108456320577897
TCGA-85-A50Z-01A-21D-A25L-08	0.0	1.0	0.0	1.0	0.0	0.0	0.0	0.0	1.0	0.0	0.0	0.0	0.0	0.0	0.0	0.0	0.0	1.0	0.0	45.0	M0	0.00731989742705481
TCGA-85-A510-01A-11D-A26M-08	1.0	0.0	1.0	0.0	0.0	0.0	0.0	0.0	0.0	1.0	0.0	0.0	0.0	0.0	0.0	0.0	0.0	1.0	0.0	45.0	M0	0.00286315959645368
TCGA-85-A511-01A-21D-A25L-08	0.0	1.0	1.0	0.0	0.0	0.0	0.0	0.0	0.0	1.0	0.0	0.0	0.0	0.0	0.0	0.0	0.0	1.0	0.0	40.0	M0	0.00381274301327306
TCGA-85-A512-01A-11D-A26M-08	0.0	1.0	0.0	1.0	0.0	0.0	0.0	0.0	1.0	0.0	0.0	0.0	0.0	0.0	0.0	0.0	0.0	1.0	0.0	25.0	M0	0.0030158552473945107
TCGA-85-A53L-01A-21D-A26M-08	0.0	1.0	1.0	0.0	0.0	0.0	0.0	0.0	1.0	0.0	0.0	0.0	0.0	0.0	1.0	0.0	0.0	0.0	0.0	30.0	M0	0.00373748588890275
TCGA-85-A5B5-01A-21D-A26M-08	0.0	1.0	0.0	1.0	0.0	1.0	0.0	0.0	0.0	0.0	0.0	0.0	0.0	0.0	1.0	0.0	0.0	0.0	0.0	15.0	M0	0.00768731590288673
TCGA-90-6837-01A-11D-1945-08	0.0	1.0	1.0	0.0	0.0	0.0	0.0	0.0	0.0	1.0	0.0	0.0	0.0	0.0	1.0	0.0	0.0	0.0	0.0	40.0	M0	5.37692224970427e-05
TCGA-90-A4ED-01A-31D-A257-08	0.0	1.0	1.0	0.0	0.0	0.0	1.0	0.0	0.0	0.0	0.0	0.0	0.0	0.0	0.0	1.0	0.0	0.0	0.0	30.0	M0	0.0286299359426031
TCGA-90-A4EE-01A-11D-A257-08	0.0	1.0	0.0	1.0	0.0	0.0	0.0	0.0	1.0	0.0	0.0	0.0	0.0	0.0	0.0	0.0	0.0	1.0	0.0	68.0	M1	0.004100075598037239
TCGA-90-A59Q-01A-11D-A26M-08	1.0	0.0	1.0	0.0	0.0	0.0	0.0	0.0	1.0	0.0	0.0	0.0	0.0	0.0	0.0	0.0	0.0	1.0	0.0	80.0	M1	0.00426559066949864
TCGA-92-8063-01A-11D-2244-08	0.0	1.0	0.0	1.0	0.0	0.0	0.0	0.0	0.0	0.0	0.0	1.0	0.0	0.0	0.0	0.0	0.0	1.0	0.0	74.0	M1	0.00792966472977737
TCGA-92-8064-01A-11D-2244-08	0.0	1.0	0.0	1.0	0.0	0.0	1.0	0.0	0.0	0.0	0.0	0.0	0.0	0.0	1.0	0.0	0.0	0.0	0.0	30.0	M0	0.00690909620177064
TCGA-92-8065-01A-11D-2244-08	1.0	0.0	1.0	0.0	0.0	0.0	0.0	0.0	0.0	1.0	0.0	0.0	0.0	0.0	0.0	1.0	0.0	0.0	0.0	14.0	M0	0.0021098878012179
TCGA-94-7033-01A-11D-1945-08	0.0	1.0	1.0	0.0	0.0	0.0	1.0	0.0	0.0	0.0	0.0	0.0	0.0	0.0	1.0	0.0	0.0	0.0	0.0	30.0	M0	0.00203251038061835
TCGA-94-8035-01A-11D-2244-08	0.0	1.0	1.0	0.0	0.0	0.0	0.0	0.0	0.0	1.0	0.0	0.0	0.0	0.0	0.0	0.0	0.0	1.0	0.0	50.0	M0	0.00389460277217866
TCGA-94-8491-01A-11D-2323-08	0.0	1.0	1.0	0.0	0.0	0.0	0.0	0.0	1.0	0.0	0.0	0.0	0.0	0.0	0.0	1.0	0.0	0.0	0.0	56.0	M0	0.00789506295580792
TCGA-94-A4VJ-01A-11D-A257-08	1.0	0.0	1.0	0.0	0.0	1.0	0.0	0.0	0.0	0.0	0.0	0.0	0.0	0.0	1.0	0.0	0.0	0.0	0.0	37.5	M0	0.00762011453015327
TCGA-94-A5I4-01A-11D-A26M-08	0.0	1.0	1.0	0.0	0.0	0.0	0.0	0.0	1.0	0.0	0.0	0.0	0.0	0.0	1.0	0.0	0.0	0.0	0.0	80.0	M1	0.00395155349732616
TCGA-94-A5I6-01A-21D-A27K-08	0.0	1.0	1.0	0.0	0.0	0.0	0.0	0.0	0.0	1.0	0.0	0.0	0.0	0.0	1.0	0.0	0.0	0.0	0.0	80.0	M0	0.00409565717337234
TCGA-96-8169-01A-11D-2293-08	1.0	0.0	1.0	0.0	0.0	1.0	0.0	0.0	0.0	0.0	0.0	0.0	0.0	0.0	1.0	0.0	0.0	0.0	0.0	35.0	M0	0.00433024536075357
TCGA-96-8170-01A-11D-2293-08	1.0	0.0	1.0	0.0	0.0	0.0	0.0	0.0	1.0	0.0	0.0	0.0	0.0	0.0	1.0	0.0	0.0	0.0	0.0	50.0	M0	0.0053495549688710895
TCGA-96-A4JK-01A-11D-A257-08	0.0	1.0	1.0	0.0	0.0	0.0	0.0	0.0	1.0	0.0	0.0	0.0	0.0	0.0	0.0	0.0	0.0	1.0	0.0	110.0	M0	0.00663284634986126
TCGA-98-8021-01A-11D-2244-08	1.0	0.0	1.0	0.0	0.0	1.0	0.0	0.0	0.0	0.0	0.0	0.0	0.0	0.0	1.0	0.0	0.0	0.0	0.0	60.0	M0	0.0116957704468007
TCGA-98-8022-01A-11D-2244-08	0.0	1.0	1.0	0.0	0.0	1.0	0.0	0.0	0.0	0.0	0.0	0.0	0.0	0.0	1.0	0.0	0.0	0.0	0.0	117.0	M0	0.00416018950251547
TCGA-98-8023-01A-11D-2244-08	0.0	1.0	1.0	0.0	0.0	0.0	0.0	0.0	0.0	0.0	0.0	1.0	0.0	0.0	0.0	0.0	0.0	1.0	0.0	75.0	M0	0.00343802661602147
TCGA-98-A538-01A-11D-A25L-08	0.0	1.0	1.0	0.0	0.0	0.0	0.0	0.0	0.0	1.0	0.0	0.0	0.0	0.0	1.0	0.0	0.0	0.0	0.0	35.0	M0	0.0106715706713081
TCGA-98-A539-01A-31D-A25L-08	0.0	1.0	1.0	0.0	0.0	0.0	0.0	0.0	0.0	1.0	0.0	0.0	0.0	0.0	0.0	0.0	0.0	1.0	0.0	75.0	M0	0.00317797973203096
TCGA-98-A53A-01A-11D-A25L-08	0.0	1.0	1.0	0.0	0.0	0.0	1.0	0.0	0.0	0.0	0.0	0.0	0.0	0.0	0.0	0.0	0.0	1.0	0.0	80.0	M0	0.007104983414937309
TCGA-98-A53B-01A-11D-A25L-08	0.0	1.0	1.0	0.0	0.0	0.0	1.0	0.0	0.0	0.0	0.0	0.0	0.0	0.0	0.0	0.0	0.0	1.0	0.0	40.0	M0	0.00163899054296666
TCGA-98-A53C-01A-11D-A25L-08	1.0	0.0	1.0	0.0	0.0	1.0	0.0	0.0	0.0	0.0	0.0	0.0	0.0	0.0	1.0	0.0	0.0	0.0	0.0	112.5	M0	0.000419824774826518
TCGA-98-A53I-01A-31D-A25L-08	0.0	1.0	1.0	0.0	0.0	0.0	0.0	0.0	1.0	0.0	0.0	0.0	0.0	0.0	1.0	0.0	0.0	0.0	0.0	70.0	M0	0.00922709623248529
TCGA-98-A53J-01A-11D-A26M-08	0.0	1.0	1.0	0.0	0.0	0.0	1.0	0.0	0.0	0.0	0.0	0.0	0.0	0.0	0.0	1.0	0.0	0.0	0.0	100.0	M0	0.00139938566068594
TCGA-J1-A4AH-01A-31D-A24D-08	0.0	1.0	1.0	0.0	0.0	0.0	0.0	0.0	1.0	0.0	0.0	0.0	0.0	0.0	1.0	0.0	0.0	0.0	0.0	100.0	M0	0.0039714924089462
TCGA-L3-A4E7-01A-11D-A257-08	0.0	1.0	1.0	0.0	0.0	0.0	1.0	0.0	0.0	0.0	0.0	0.0	0.0	0.0	0.0	0.0	0.0	1.0	0.0	25.0	M0	0.00158013338838512
TCGA-L3-A524-01A-11D-A25L-08	1.0	0.0	0.0	1.0	0.0	0.0	0.0	0.0	0.0	1.0	0.0	0.0	0.0	0.0	0.0	0.0	0.0	1.0	0.0	25.6	M0	0.0048246666996188785
TCGA-LA-A446-01A-21D-A257-08	0.0	1.0	1.0	0.0	0.0	1.0	0.0	0.0	0.0	0.0	0.0	0.0	0.0	0.0	0.0	0.0	0.0	1.0	0.0	26.0	M0	0.004693894235143221
TCGA-LA-A7SW-01A-11D-A401-08	0.0	1.0	1.0	0.0	0.0	0.0	0.0	0.0	0.0	0.0	0.0	1.0	0.0	0.0	1.0	0.0	0.0	0.0	0.0	37.0	M1	0.00112576924682251
TCGA-60-2703-01A-11D-2042-08	0.0	1.0	1.0	0.0	0.0	0.0	0.0	0.0	0.0	1.0	0.0	0.0	0.0	0.0	1.0	0.0	0.0	0.0	0.0	50.0	M0	0.00531549929679758
TCGA-60-2704-01A-11D-2042-08	0.0	1.0	1.0	0.0	0.0	0.0	0.0	0.0	0.0	1.0	0.0	0.0	0.0	0.0	0.0	0.0	0.0	1.0	0.0	60.0	M0	0.00419067421044547
TCGA-22-4605-01A-21D-2122-08	1.0	0.0	1.0	0.0	0.0	0.0	1.0	0.0	0.0	0.0	0.0	0.0	0.0	0.0	1.0	0.0	0.0	0.0	0.0	75.0	M0	0.00164686325537323
TCGA-22-4609-01A-21D-2122-08	0.0	1.0	1.0	0.0	0.0	1.0	0.0	0.0	0.0	0.0	0.0	0.0	0.0	0.0	0.0	0.0	0.0	1.0	0.0	77.0	M0	0.00353594030041825
TCGA-39-5040-01A-21D-2122-08	0.0	1.0	0.0	1.0	0.0	0.0	0.0	0.0	0.0	0.0	0.0	1.0	0.0	0.0	1.0	0.0	0.0	0.0	0.0	60.0	M0	0.00774394783283104
TCGA-43-5670-01A-21D-2122-08	0.0	1.0	1.0	0.0	0.0	0.0	0.0	0.0	1.0	0.0	0.0	0.0	0.0	0.0	0.0	1.0	0.0	0.0	0.0	30.0	M0	0.00273339378752538
TCGA-51-6867-01A-11D-2042-08	1.0	0.0	1.0	0.0	1.0	0.0	0.0	0.0	0.0	0.0	0.0	0.0	0.0	0.0	1.0	0.0	0.0	0.0	0.0	40.0	M0	0.008796301290120509
TCGA-77-7138-01A-41D-2042-08	0.0	1.0	1.0	0.0	0.0	0.0	1.0	0.0	0.0	0.0	0.0	0.0	0.0	0.0	0.0	1.0	0.0	0.0	0.0	20.0	M0	0.000795029378122117
TCGA-77-7139-01A-11D-2042-08	0.0	1.0	0.0	1.0	0.0	0.0	0.0	0.0	0.0	1.0	0.0	0.0	0.0	0.0	1.0	0.0	0.0	0.0	0.0	2.0	M0	0.00389936591531471
TCGA-77-7141-01A-11D-2042-08	0.0	1.0	1.0	0.0	0.0	0.0	1.0	0.0	0.0	0.0	0.0	0.0	0.0	0.0	1.0	0.0	0.0	0.0	0.0	70.0	M0	0.0131323494221557
TCGA-77-7142-01A-11D-2042-08	1.0	0.0	0.0	1.0	0.0	0.0	1.0	0.0	0.0	0.0	0.0	0.0	0.0	0.0	1.0	0.0	0.0	0.0	0.0	52.5	M0	0.0045767420996867
TCGA-77-7335-01A-11D-2042-08	1.0	0.0	1.0	0.0	0.0	0.0	0.0	0.0	0.0	0.0	0.0	0.0	1.0	0.0	0.0	1.0	0.0	0.0	0.0	52.0	M0	0.0032789777030822398
TCGA-77-7337-01A-21D-2042-08	0.0	1.0	1.0	0.0	0.0	0.0	0.0	0.0	0.0	1.0	0.0	0.0	0.0	0.0	1.0	0.0	0.0	0.0	0.0	79.5	M0	0.0049276571238741785
TCGA-77-7338-01A-11D-2042-08	0.0	1.0	1.0	0.0	0.0	0.0	1.0	0.0	0.0	0.0	0.0	0.0	0.0	0.0	0.0	0.0	0.0	1.0	0.0	41.25	M0	0.00237616883918993
TCGA-92-7341-01A-31D-2042-08	0.0	1.0	1.0	0.0	0.0	0.0	1.0	0.0	0.0	0.0	0.0	0.0	0.0	0.0	0.0	0.0	0.0	1.0	0.0	50.0	M0	0.00280875346145936
TCGA-98-7454-01A-11D-2042-08	0.0	1.0	1.0	0.0	0.0	0.0	1.0	0.0	0.0	0.0	0.0	0.0	0.0	0.0	0.0	1.0	0.0	0.0	0.0	60.0	M0	0.0036923275273168603
TCGA-77-7463-01A-11D-2042-08	0.0	1.0	1.0	0.0	0.0	0.0	1.0	0.0	0.0	0.0	0.0	0.0	0.0	0.0	1.0	0.0	0.0	0.0	0.0	42.0	M0	0.00676437640375427
TCGA-77-7465-01A-11D-2042-08	0.0	1.0	0.0	1.0	0.0	0.0	0.0	0.0	1.0	0.0	0.0	0.0	0.0	0.0	0.0	0.0	0.0	1.0	0.0	120.0	M0	0.0047616804430005
TCGA-96-7544-01A-11D-2042-08	0.0	1.0	1.0	0.0	0.0	0.0	0.0	0.0	0.0	1.0	0.0	0.0	0.0	0.0	0.0	0.0	0.0	1.0	0.0	65.0	M1	0.00754107038222582
TCGA-96-7545-01A-21D-2042-08	0.0	1.0	1.0	0.0	0.0	1.0	0.0	0.0	0.0	0.0	0.0	0.0	0.0	0.0	1.0	0.0	0.0	0.0	0.0	116.0	M0	0.00256011110626239
TCGA-56-7579-01A-11D-2042-08	0.0	1.0	1.0	0.0	0.0	0.0	0.0	0.0	0.0	0.0	0.0	1.0	0.0	0.0	1.0	0.0	0.0	0.0	0.0	2.0	M0	0.00577790584038657
TCGA-52-7622-01A-11D-2122-08	1.0	0.0	1.0	0.0	0.0	1.0	0.0	0.0	0.0	0.0	0.0	0.0	0.0	0.0	1.0	0.0	0.0	0.0	0.0	22.0	M0	0.00324874714680853
TCGA-43-7656-01A-11D-2122-08	0.0	1.0	1.0	0.0	0.0	1.0	0.0	0.0	0.0	0.0	0.0	0.0	0.0	0.0	1.0	0.0	0.0	0.0	0.0	45.0	M0	0.00653970931605542
TCGA-43-7657-01A-31D-2122-08	1.0	0.0	1.0	0.0	0.0	1.0	0.0	0.0	0.0	0.0	0.0	0.0	0.0	0.0	1.0	0.0	0.0	0.0	0.0	45.0	M0	0.00162215303591474
TCGA-43-7658-01A-11D-2122-08	1.0	0.0	1.0	0.0	0.0	1.0	0.0	0.0	0.0	0.0	0.0	0.0	0.0	0.0	1.0	0.0	0.0	0.0	0.0	12.0	M0	0.00296512424115811
TCGA-85-7696-01A-11D-2122-08	0.0	1.0	1.0	0.0	0.0	1.0	0.0	0.0	0.0	0.0	0.0	0.0	0.0	0.0	1.0	0.0	0.0	0.0	0.0	30.0	M0	0.005761830253500379
TCGA-85-7697-01A-11D-2122-08	0.0	1.0	0.0	1.0	0.0	0.0	0.0	0.0	0.0	1.0	0.0	0.0	0.0	0.0	0.0	1.0	0.0	0.0	0.0	30.0	M0	0.00591810626559445
TCGA-85-7698-01A-11D-2122-08	0.0	1.0	0.0	1.0	0.0	1.0	0.0	0.0	0.0	0.0	0.0	0.0	0.0	0.0	0.0	1.0	0.0	0.0	0.0	44.0	M0	0.00450997470127002
TCGA-85-7699-01A-11D-2122-08	0.0	1.0	1.0	0.0	0.0	0.0	0.0	0.0	0.0	0.0	0.0	1.0	0.0	0.0	0.0	1.0	0.0	0.0	0.0	74.0	M0	0.00294430805573757
TCGA-85-7710-01A-11D-2122-08	1.0	0.0	0.0	1.0	0.0	1.0	0.0	0.0	0.0	0.0	0.0	0.0	0.0	0.0	0.0	0.0	0.0	1.0	0.0	45.0	M0	0.0032252359442785
TCGA-56-7731-01A-11D-2122-08	1.0	0.0	1.0	0.0	0.0	0.0	1.0	0.0	0.0	0.0	0.0	0.0	0.0	0.0	1.0	0.0	0.0	0.0	0.0	100.0	M0	0.00697113937550045
TCGA-68-7755-01A-11D-2122-08	1.0	0.0	1.0	0.0	0.0	0.0	0.0	0.0	1.0	0.0	0.0	0.0	0.0	0.0	1.0	0.0	0.0	0.0	0.0	78.0	M0	0.00552097041705647
TCGA-68-7756-01A-11D-2122-08	0.0	1.0	1.0	0.0	0.0	0.0	0.0	0.0	0.0	0.0	0.0	1.0	0.0	0.0	0.0	1.0	0.0	0.0	0.0	20.0	M1	0.00129137940822401
TCGA-90-7766-01A-21D-2122-08	1.0	0.0	1.0	0.0	0.0	1.0	0.0	0.0	0.0	0.0	0.0	0.0	0.0	0.0	0.0	0.0	0.0	1.0	0.0	30.0	M0	0.00156785643937908
TCGA-90-7767-01A-11D-2122-08	0.0	1.0	0.0	1.0	0.0	0.0	0.0	0.0	0.0	1.0	0.0	0.0	0.0	0.0	0.0	1.0	0.0	0.0	0.0	25.0	M1	0.00223172819332824
TCGA-90-7769-01A-11D-2122-08	0.0	1.0	0.0	1.0	0.0	0.0	0.0	0.0	0.0	1.0	0.0	0.0	0.0	0.0	0.0	1.0	0.0	0.0	0.0	36.0	M1	0.00926599595294733
TCGA-52-7809-01A-21D-2122-08	0.0	1.0	1.0	0.0	0.0	0.0	1.0	0.0	0.0	0.0	0.0	0.0	0.0	0.0	0.0	0.0	0.0	1.0	0.0	60.0	M0	0.0038218069101669796
TCGA-52-7810-01A-11D-2122-08	1.0	0.0	1.0	0.0	0.0	0.0	0.0	0.0	0.0	1.0	0.0	0.0	0.0	0.0	0.0	1.0	0.0	0.0	0.0	20.0	M0	0.00335392861824611
TCGA-52-7812-01A-11D-2122-08	0.0	1.0	1.0	0.0	0.0	0.0	0.0	0.0	1.0	0.0	0.0	0.0	0.0	0.0	1.0	0.0	0.0	0.0	0.0	30.0	M0	0.004980238726530021
TCGA-56-7822-01A-11D-2122-08	0.0	1.0	1.0	0.0	0.0	0.0	0.0	0.0	0.0	1.0	0.0	0.0	0.0	0.0	1.0	0.0	0.0	0.0	0.0	60.0	M0	0.00666581705457494
TCGA-85-7843-01A-11D-2122-08	0.0	1.0	0.0	1.0	0.0	0.0	0.0	0.0	1.0	0.0	0.0	0.0	0.0	0.0	0.0	0.0	0.0	1.0	0.0	35.0	M0	0.0035102001044641303
TCGA-85-7844-01A-11D-2122-08	0.0	1.0	1.0	0.0	0.0	0.0	1.0	0.0	0.0	0.0	0.0	0.0	0.0	0.0	0.0	0.0	0.0	1.0	0.0	40.0	M0	0.0023595233990580397
TCGA-85-7950-01A-11D-2184-08	0.0	1.0	0.0	1.0	0.0	0.0	1.0	0.0	0.0	0.0	0.0	0.0	0.0	0.0	0.0	0.0	0.0	1.0	0.0	27.0	M0	0.0036741702991118703
TCGA-90-7964-01A-21D-2184-08	0.0	1.0	1.0	0.0	0.0	0.0	1.0	0.0	0.0	0.0	0.0	0.0	0.0	0.0	1.0	0.0	0.0	0.0	0.0	180.0	M0	0.0056547773177149895
TCGA-77-8007-01A-11D-2184-08	0.0	1.0	1.0	0.0	0.0	0.0	0.0	0.0	0.0	1.0	0.0	0.0	0.0	0.0	0.0	0.0	0.0	1.0	0.0	100.0	M0	0.00122736077840181
TCGA-77-8008-01A-21D-2184-08	0.0	1.0	1.0	0.0	0.0	0.0	1.0	0.0	0.0	0.0	0.0	0.0	0.0	0.0	1.0	0.0	0.0	0.0	0.0	61.5	M0	0.00216230868417439
TCGA-77-8009-01A-11D-2184-08	0.0	1.0	1.0	0.0	0.0	0.0	0.0	0.0	0.0	1.0	0.0	0.0	0.0	0.0	1.0	0.0	0.0	0.0	0.0	97.5	M0	0.00231104135187667
TCGA-MF-A522-01A-11D-A25L-08	0.0	1.0	0.0	1.0	0.0	0.0	1.0	0.0	0.0	0.0	0.0	0.0	0.0	0.0	1.0	0.0	0.0	0.0	0.0	45.0	M0	0.00520462106839815
TCGA-NC-A5HD-01A-11D-A26M-08	0.0	1.0	1.0	0.0	0.0	0.0	0.0	0.0	0.0	1.0	0.0	0.0	0.0	0.0	1.0	0.0	0.0	0.0	0.0	50.0	M0	0.00915822011868212
TCGA-NC-A5HE-01A-11D-A26M-08	0.0	1.0	1.0	0.0	0.0	0.0	0.0	0.0	0.0	1.0	0.0	0.0	0.0	0.0	1.0	0.0	0.0	0.0	0.0	30.0	M0	0.00526809611721237
TCGA-NC-A5HG-01A-11D-A26M-08	0.0	1.0	0.0	1.0	0.0	0.0	0.0	0.0	0.0	0.0	0.0	1.0	0.0	0.0	1.0	0.0	0.0	0.0	0.0	80.0	M0	0.00827680617737239
TCGA-NC-A5HH-01A-11D-A26M-08	0.0	1.0	0.0	1.0	0.0	1.0	0.0	0.0	0.0	0.0	0.0	0.0	0.0	0.0	0.0	0.0	0.0	1.0	0.0	60.0	M0	0.00468523454904782
TCGA-NC-A5HI-01A-11D-A26M-08	1.0	0.0	1.0	0.0	0.0	0.0	1.0	0.0	0.0	0.0	0.0	0.0	0.0	0.0	0.0	0.0	0.0	1.0	0.0	60.0	M0	0.00787277718244105
TCGA-NC-A5HJ-01A-11D-A26M-08	0.0	1.0	0.0	1.0	0.0	0.0	0.0	0.0	0.0	1.0	0.0	0.0	0.0	0.0	1.0	0.0	0.0	0.0	0.0	78.0	M0	0.007123699609691329
TCGA-NC-A5HK-01A-11D-A26M-08	1.0	0.0	0.0	1.0	0.0	0.0	0.0	0.0	0.0	1.0	0.0	0.0	0.0	0.0	1.0	0.0	0.0	0.0	0.0	40.0	M0	0.0054713189309229795
TCGA-NC-A5HL-01A-11D-A26M-08	0.0	1.0	1.0	0.0	0.0	0.0	0.0	0.0	1.0	0.0	0.0	0.0	0.0	0.0	1.0	0.0	0.0	0.0	0.0	40.0	M0	0.00310325476809024
TCGA-NC-A5HM-01A-12D-A26M-08	0.0	1.0	1.0	0.0	0.0	0.0	1.0	0.0	0.0	0.0	0.0	0.0	0.0	0.0	0.0	1.0	0.0	0.0	0.0	50.0	M0	0.00449204767018926
TCGA-NC-A5HN-01A-11D-A26M-08	0.0	1.0	1.0	0.0	0.0	0.0	0.0	0.0	1.0	0.0	0.0	0.0	0.0	0.0	1.0	0.0	0.0	0.0	0.0	100.0	M0	0.0093071744856318
TCGA-NC-A5HO-01A-11D-A26M-08	1.0	0.0	1.0	0.0	0.0	0.0	0.0	0.0	0.0	0.0	0.0	1.0	0.0	0.0	1.0	0.0	0.0	0.0	0.0	30.0	M0	0.00328527687987921
TCGA-NC-A5HP-01A-11D-A26M-08	0.0	1.0	1.0	0.0	0.0	0.0	0.0	0.0	0.0	0.0	0.0	0.0	0.0	1.0	0.0	0.0	0.0	1.0	0.0	50.0	M1	0.00656159223310926
TCGA-NC-A5HR-01A-21D-A26M-08	1.0	0.0	1.0	0.0	0.0	0.0	0.0	0.0	1.0	0.0	0.0	0.0	0.0	0.0	1.0	0.0	0.0	0.0	0.0	35.0	M0	0.00764937027321603
TCGA-NC-A5HT-01A-11D-A26M-08	0.0	1.0	1.0	0.0	0.0	0.0	0.0	0.0	0.0	0.0	0.0	1.0	0.0	0.0	1.0	0.0	0.0	0.0	0.0	50.0	M0	0.00608117798660116
TCGA-NK-A5CR-01A-11D-A26M-08	0.0	1.0	1.0	0.0	0.0	0.0	1.0	0.0	0.0	0.0	0.0	0.0	0.0	0.0	0.0	1.0	0.0	0.0	0.0	40.0	M0	0.0039523791219968395
TCGA-NK-A5CT-01A-31D-A26M-08	0.0	1.0	1.0	0.0	0.0	1.0	0.0	0.0	0.0	0.0	0.0	0.0	0.0	0.0	0.0	1.0	0.0	0.0	0.0	80.0	M0	0.0038368414939064
TCGA-NK-A5CX-01A-11D-A26M-08	0.0	1.0	1.0	0.0	0.0	0.0	0.0	0.0	1.0	0.0	0.0	0.0	0.0	0.0	1.0	0.0	0.0	0.0	0.0	40.0	M0	0.00379713790883875
TCGA-NK-A5D1-01A-11D-A26M-08	0.0	1.0	0.0	1.0	0.0	0.0	0.0	0.0	1.0	0.0	0.0	0.0	0.0	0.0	0.0	1.0	0.0	0.0	0.0	90.0	M0	0.00166461774286817
TCGA-NK-A7XE-01A-12D-A401-08	0.0	1.0	1.0	0.0	0.0	0.0	0.0	0.0	0.0	0.0	0.0	0.0	1.0	0.0	0.0	0.0	1.0	0.0	0.0	80.0	M0	0.0015045672314325
TCGA-O2-A52N-01A-11D-A26M-08	0.0	1.0	1.0	0.0	1.0	0.0	0.0	0.0	0.0	0.0	0.0	0.0	0.0	0.0	1.0	0.0	0.0	0.0	0.0	4.125	M0	0.0087661232982411
TCGA-O2-A52Q-01A-11D-A26M-08	1.0	0.0	0.0	1.0	0.0	0.0	0.0	0.0	0.0	0.0	1.0	0.0	0.0	0.0	0.0	0.0	0.0	1.0	0.0	1.0	M1	0.0202001491879568
TCGA-O2-A52S-01A-11D-A25L-08	1.0	0.0	0.0	1.0	0.0	0.0	0.0	0.0	0.0	0.0	1.0	0.0	0.0	0.0	1.0	0.0	0.0	0.0	0.0	3.0	M1	0.0052186421355261605
TCGA-O2-A52V-01A-31D-A25L-08	1.0	0.0	1.0	0.0	0.0	0.0	0.0	1.0	0.0	0.0	0.0	0.0	0.0	0.0	1.0	0.0	0.0	0.0	0.0	1.0	M0	0.0030970039791780803
TCGA-O2-A52W-01A-11D-A26M-08	0.0	1.0	1.0	0.0	1.0	0.0	0.0	0.0	0.0	0.0	0.0	0.0	0.0	0.0	1.0	0.0	0.0	0.0	0.0	2.5	M0	0.0016502281042138
TCGA-O2-A5IB-01A-11D-A27K-08	1.0	0.0	1.0	0.0	0.0	0.0	0.0	0.0	0.0	0.0	1.0	0.0	0.0	0.0	1.0	0.0	0.0	0.0	0.0	2.5	M1	0.00411659595095137
TCGA-XC-AA0X-01A-32D-A401-08	1.0	0.0	1.0	0.0	0.0	1.0	0.0	0.0	0.0	0.0	0.0	0.0	0.0	0.0	0.0	0.0	0.0	1.0	0.0	30.0	M0	0.00409151544574272
